Workbook

Sheet Clean_PM_Plan
A1: ID | B1: Ref_ID_Work01 | C1: QRCODE_Clean | D1: Machine_Base_Name | E1: Machine_Code_In_Name | F1: LineLocation_Clean | G1: PositionName_Raw | H1: PositionName_Clean | I1: PM_Type | J1: PM_Type_Code | K1: StatusItems_Raw | L1: Status_EN | M1: TypeWork | N1: Action | O1: Priority | P1: Items_Raw | Q1: Items_Clean | R1: PartName_Clean | S1: Model_Clean | T1: Spare_ID | U1: Qty_Raw | V1: Qty_Clean | W1: Cost | X1: PeriodDay | Y1: PlanMonth | Z1: ActualMonth | AA1: LastPMDate | AB1: NextPMDate | AC1: Remark1_Clean | AD1: Remark2_Clean | AE1: Responsible_Email | AF1: Planner | AG1: Responsible | AH1: CdB_Before_Value | AI1: CdB_Before_Unit | AJ1: CdB_After_Value | AK1: CdB_After_Unit | AL1: Plan_Year | AM1: Plan_Year_Month | AN1: Is_Overdue | AO1: Search_Text | AP1: Data_Quality_Flag | AQ1: Has_Cost
A2: =IF('query (10)'!A2="","",'query (10)'!A2) -> 2 | B2: =IF('query (10)'!B2="","",'query (10)'!B2) | C2: =TRIM(UPPER('query (10)'!M2)) -> GR-721 | D2: =TRIM(UPPER(IFERROR(_xlfn.TEXTBEFORE('query (10)'!L2,"("),'query (10)'!L2))) -> OUTER RING RACEWAY GRINDING MACHINE. | E2: =IFERROR(TRIM(UPPER(_xlfn.TEXTBEFORE(_xlfn.TEXTAFTER('query (10)'!L2,"("),")"))),"") | F2: =TRIM('query (10)'!K2) -> MCB3 | G2: =IF('query (10)'!J2="","",'query (10)'!J2) -> Work Head | H2: =TRIM(UPPER('query (10)'!J2)) -> WORK HEAD | I2: =IF('query (10)'!F2="","",'query (10)'!F2) -> Condition-based Maintenance | J2: =IF('query (10)'!F2="","",IFERROR(INDEX(Cleaning_Rules!$B$14:$B$17,MATCH(TRIM('query (10)'!F2),Cleaning_Rules!$A$14:$A$17,0)),"UNKNOWN")) -> CBM | K2: =IF('query (10)'!G2="","",'query (10)'!G2) -> แก้ไขแผน | L2: =IF('query (10)'!G2="","MISSING",IFERROR(INDEX(Cleaning_Rules!$B$5:$B$10,MATCH(TRIM('query (10)'!G2),Cleaning_Rules!$A$5:$A$10,0)),"UNKNOWN")) -> PLAN_REVISED | M2: =IF('query (10)'!I2="","",'query (10)'!I2) -> Mechanical | N2: =IF('query (10)'!O2="","",'query (10)'!O2) -> Measure | O2: =IF('query (10)'!P2="","",'query (10)'!P2) -> Urgent | P2: =IF('query (10)'!N2="","",'query (10)'!N2) -> High Velocity Vibration of Work head unit 5.00 mm/s | Q2: =TRIM('query (10)'!N2) -> High Velocity Vibration of Work head unit 5.00 mm/s | R2: =TRIM(UPPER('query (10)'!R2)) | S2: =TRIM(UPPER('query (10)'!S2)) | T2: =IF('query (10)'!Q2="","",TRIM(UPPER('query (10)'!Q2))) | U2: =IF('query (10)'!T2="","",'query (10)'!T2) | V2: =IF('query (10)'!T2="","",IFERROR(VALUE('query (10)'!T2),"")) | W2: =IF('query (10)'!U2="","",'query (10)'!U2) -> 0 | X2: =IF('query (10)'!V2="","",'query (10)'!V2) | Y2: =IF('query (10)'!W2="","",'query (10)'!W2) -> 45902 | Z2: =IF('query (10)'!X2="","",'query (10)'!X2) -> 45902 | AA2: =IF('query (10)'!Y2="","",'query (10)'!Y2) | AB2: =IF('query (10)'!Z2="","",'query (10)'!Z2) | AC2: =IF(OR('query (10)'!AA2="",COUNTIF(Cleaning_Rules!$A$21:$A$26,TRIM('query (10)'!AA2))>0),"",TRIM('query (10)'!AA2)) | AD2: =IF('query (10)'!AB2="","",TRIM(IFERROR(_xlfn.TEXTBEFORE('query (10)'!AB2,"("),'query (10)'!AB2))) | AE2: =IFERROR(LOWER(TRIM(_xlfn.TEXTBEFORE(_xlfn.TEXTAFTER('query (10)'!AB2,"("),")"))),"") | AF2: =IF('query (10)'!AD2="","",TRIM('query (10)'!AD2)) -> เจษฎา ผิวบาง | AG2: =IF('query (10)'!AE2="","",TRIM('query (10)'!AE2)) | AH2: =IF('query (10)'!AF2="","",IFERROR(VALUE('query (10)'!AF2),"")) | AI2: =IF('query (10)'!AG2="","",TRIM('query (10)'!AG2)) | AJ2: =IF('query (10)'!AH2="","",IFERROR(VALUE('query (10)'!AH2),"")) | AK2: =IF('query (10)'!AI2="","",TRIM('query (10)'!AI2)) | AL2: =IF($Y2="","",YEAR($Y2)) -> 2025 | AM2: =IF($Y2="","",TEXT($Y2,"yyyy-mm")) -> 2025-09 | AN2: =IF(OR($AB2="",$L2="COMPLETED"),"",IF($AB2<TODAY(),"OVERDUE","ON_SCHEDULE")) | AO2: =_xlfn.TEXTJOIN(" | ",TRUE,$C2,$D2,$E2,$F2,$H2,$I2,$M2,$N2,$O2,$Q2,$R2,$S2,$T2,$AC2,$AD2,$AG2) -> GR-721 | OUTER RING RACEWAY GRINDING MACHINE. | MCB3 | WORK HEAD | Condition-based Maintenance | Mechanical | Measure | Urgent | High Velocity Vibration of Work head unit 5.00 mm/s | AP2: =_xlfn.TEXTJOIN("; ",TRUE,IF(COUNTA('query (10)'!A2:AK2)<=6,"NEAR_EMPTY_ROW",""),IF($K2="","MISSING_STATUS",""),IF(AND($K2="เสร็จสิ้น",$Z2=""),"DONE_NO_ACTUAL_DATE",""),IF(AND($I2="Condition-based Maintenance",$AH2=""),"CBM_NO_MEASUREMENT",""),IF(OR($X2="",$X2=0),"INVALID_PERIOD",""),IF(AND($AA2<>"",$AB2<>"",$AB2<$AA2),"DATE_SEQUENCE_ERROR",""),IF(AND($AB2<>"",$AB2>DATE(2030,12,31)),"DATE_OUTLIER",""),IF($C2="","MISSING_QRCODE",""),IF($J2="UNKNOWN","UNKNOWN_PM_TYPE",""),IF($L2="UNKNOWN","UNKNOWN_STATUS","")) -> CBM_NO_MEASUREMENT; INVALID_PERIOD | AQ2: =IF($W2="","",IF($W2>0,"YES","NO")) -> NO
A3: =IF('query (10)'!A3="","",'query (10)'!A3) -> 3 | B3: =IF('query (10)'!B3="","",'query (10)'!B3) | C3: =TRIM(UPPER('query (10)'!M3)) -> GR-721 | D3: =TRIM(UPPER(IFERROR(_xlfn.TEXTBEFORE('query (10)'!L3,"("),'query (10)'!L3))) -> OUTER RING RACEWAY GRINDING MACHINE. | E3: =IFERROR(TRIM(UPPER(_xlfn.TEXTBEFORE(_xlfn.TEXTAFTER('query (10)'!L3,"("),")"))),"") | F3: =TRIM('query (10)'!K3) -> MCB3 | G3: =IF('query (10)'!J3="","",'query (10)'!J3) -> Work Head | H3: =TRIM(UPPER('query (10)'!J3)) -> WORK HEAD | I3: =IF('query (10)'!F3="","",'query (10)'!F3) -> Usage-based Maintenance | J3: =IF('query (10)'!F3="","",IFERROR(INDEX(Cleaning_Rules!$B$14:$B$17,MATCH(TRIM('query (10)'!F3),Cleaning_Rules!$A$14:$A$17,0)),"UNKNOWN")) -> UBM | K3: =IF('query (10)'!G3="","",'query (10)'!G3) -> เลื่อนแผน | L3: =IF('query (10)'!G3="","MISSING",IFERROR(INDEX(Cleaning_Rules!$B$5:$B$10,MATCH(TRIM('query (10)'!G3),Cleaning_Rules!$A$5:$A$10,0)),"UNKNOWN")) -> POSTPONED | M3: =IF('query (10)'!I3="","",'query (10)'!I3) -> Mechanical | N3: =IF('query (10)'!O3="","",'query (10)'!O3) -> Part Change | O3: =IF('query (10)'!P3="","",'query (10)'!P3) -> Urgent | P3: =IF('query (10)'!N3="","",'query (10)'!N3) -> Change belt of 5000 hr | Q3: =TRIM('query (10)'!N3) -> Change belt of 5000 hr | R3: =TRIM(UPPER('query (10)'!R3)) -> BELT | S3: =TRIM(UPPER('query (10)'!S3)) -> 5M580 | T3: =IF('query (10)'!Q3="","",TRIM(UPPER('query (10)'!Q3))) | U3: =IF('query (10)'!T3="","",'query (10)'!T3) -> 1 | V3: =IF('query (10)'!T3="","",IFERROR(VALUE('query (10)'!T3),"")) -> 1 | W3: =IF('query (10)'!U3="","",'query (10)'!U3) -> 570 | X3: =IF('query (10)'!V3="","",'query (10)'!V3) | Y3: =IF('query (10)'!W3="","",'query (10)'!W3) -> 45902 | Z3: =IF('query (10)'!X3="","",'query (10)'!X3) -> 45902 | AA3: =IF('query (10)'!Y3="","",'query (10)'!Y3) | AB3: =IF('query (10)'!Z3="","",'query (10)'!Z3) -> 45932 | AC3: =IF(OR('query (10)'!AA3="",COUNTIF(Cleaning_Rules!$A$21:$A$26,TRIM('query (10)'!AA3))>0),"",TRIM('query (10)'!AA3)) -> รออะไหล่ | AD3: =IF('query (10)'!AB3="","",TRIM(IFERROR(_xlfn.TEXTBEFORE('query (10)'!AB3,"("),'query (10)'!AB3))) | AE3: =IFERROR(LOWER(TRIM(_xlfn.TEXTBEFORE(_xlfn.TEXTAFTER('query (10)'!AB3,"("),")"))),"") | AF3: =IF('query (10)'!AD3="","",TRIM('query (10)'!AD3)) -> เจษฎา ผิวบาง | AG3: =IF('query (10)'!AE3="","",TRIM('query (10)'!AE3)) | AH3: =IF('query (10)'!AF3="","",IFERROR(VALUE('query (10)'!AF3),"")) | AI3: =IF('query (10)'!AG3="","",TRIM('query (10)'!AG3)) | AJ3: =IF('query (10)'!AH3="","",IFERROR(VALUE('query (10)'!AH3),"")) | AK3: =IF('query (10)'!AI3="","",TRIM('query (10)'!AI3)) | AL3: =IF($Y3="","",YEAR($Y3)) -> 2025 | AM3: =IF($Y3="","",TEXT($Y3,"yyyy-mm")) -> 2025-09 | AN3: =IF(OR($AB3="",$L3="COMPLETED"),"",IF($AB3<TODAY(),"OVERDUE","ON_SCHEDULE")) -> OVERDUE | AO3: =_xlfn.TEXTJOIN(" | ",TRUE,$C3,$D3,$E3,$F3,$H3,$I3,$M3,$N3,$O3,$Q3,$R3,$S3,$T3,$AC3,$AD3,$AG3) -> GR-721 | OUTER RING RACEWAY GRINDING MACHINE. | MCB3 | WORK HEAD | Usage-based Maintenance | Mechanical | Part Change | Urgent | Change belt of 5000 hr | BELT | 5M580 | รออะไหล่ | AP3: =_xlfn.TEXTJOIN("; ",TRUE,IF(COUNTA('query (10)'!A3:AK3)<=6,"NEAR_EMPTY_ROW",""),IF($K3="","MISSING_STATUS",""),IF(AND($K3="เสร็จสิ้น",$Z3=""),"DONE_NO_ACTUAL_DATE",""),IF(AND($I3="Condition-based Maintenance",$AH3=""),"CBM_NO_MEASUREMENT",""),IF(OR($X3="",$X3=0),"INVALID_PERIOD",""),IF(AND($AA3<>"",$AB3<>"",$AB3<$AA3),"DATE_SEQUENCE_ERROR",""),IF(AND($AB3<>"",$AB3>DATE(2030,12,31)),"DATE_OUTLIER",""),IF($C3="","MISSING_QRCODE",""),IF($J3="UNKNOWN","UNKNOWN_PM_TYPE",""),IF($L3="UNKNOWN","UNKNOWN_STATUS","")) -> INVALID_PERIOD | AQ3: =IF($W3="","",IF($W3>0,"YES","NO")) -> YES
A4: =IF('query (10)'!A4="","",'query (10)'!A4) -> 6 | B4: =IF('query (10)'!B4="","",'query (10)'!B4) | C4: =TRIM(UPPER('query (10)'!M4)) -> GR-721 | D4: =TRIM(UPPER(IFERROR(_xlfn.TEXTBEFORE('query (10)'!L4,"("),'query (10)'!L4))) -> OUTER RING RACEWAY GRINDING MACHINE. | E4: =IFERROR(TRIM(UPPER(_xlfn.TEXTBEFORE(_xlfn.TEXTAFTER('query (10)'!L4,"("),")"))),"") | F4: =TRIM('query (10)'!K4) -> MCB3 | G4: =IF('query (10)'!J4="","",'query (10)'!J4) -> Work Head | H4: =TRIM(UPPER('query (10)'!J4)) -> WORK HEAD | I4: =IF('query (10)'!F4="","",'query (10)'!F4) -> Predictive Maintenance | J4: =IF('query (10)'!F4="","",IFERROR(INDEX(Cleaning_Rules!$B$14:$B$17,MATCH(TRIM('query (10)'!F4),Cleaning_Rules!$A$14:$A$17,0)),"UNKNOWN")) -> PdM | K4: =IF('query (10)'!G4="","",'query (10)'!G4) -> แก้ไขแผน | L4: =IF('query (10)'!G4="","MISSING",IFERROR(INDEX(Cleaning_Rules!$B$5:$B$10,MATCH(TRIM('query (10)'!G4),Cleaning_Rules!$A$5:$A$10,0)),"UNKNOWN")) -> PLAN_REVISED | M4: =IF('query (10)'!I4="","",'query (10)'!I4) -> Mechanical | N4: =IF('query (10)'!O4="","",'query (10)'!O4) -> Inspection | O4: =IF('query (10)'!P4="","",'query (10)'!P4) -> Urgent | P4: =IF('query (10)'!N4="","",'query (10)'!N4) -> AI Alert!! Extra work high temperature of work head motor | Q4: =TRIM('query (10)'!N4) -> AI Alert!! Extra work high temperature of work head motor | R4: =TRIM(UPPER('query (10)'!R4)) | S4: =TRIM(UPPER('query (10)'!S4)) | T4: =IF('query (10)'!Q4="","",TRIM(UPPER('query (10)'!Q4))) | U4: =IF('query (10)'!T4="","",'query (10)'!T4) | V4: =IF('query (10)'!T4="","",IFERROR(VALUE('query (10)'!T4),"")) | W4: =IF('query (10)'!U4="","",'query (10)'!U4) -> 0 | X4: =IF('query (10)'!V4="","",'query (10)'!V4) | Y4: =IF('query (10)'!W4="","",'query (10)'!W4) -> 45902 | Z4: =IF('query (10)'!X4="","",'query (10)'!X4) -> 45902 | AA4: =IF('query (10)'!Y4="","",'query (10)'!Y4) | AB4: =IF('query (10)'!Z4="","",'query (10)'!Z4) | AC4: =IF(OR('query (10)'!AA4="",COUNTIF(Cleaning_Rules!$A$21:$A$26,TRIM('query (10)'!AA4))>0),"",TRIM('query (10)'!AA4)) | AD4: =IF('query (10)'!AB4="","",TRIM(IFERROR(_xlfn.TEXTBEFORE('query (10)'!AB4,"("),'query (10)'!AB4))) | AE4: =IFERROR(LOWER(TRIM(_xlfn.TEXTBEFORE(_xlfn.TEXTAFTER('query (10)'!AB4,"("),")"))),"") | AF4: =IF('query (10)'!AD4="","",TRIM('query (10)'!AD4)) -> Automate | AG4: =IF('query (10)'!AE4="","",TRIM('query (10)'!AE4)) | AH4: =IF('query (10)'!AF4="","",IFERROR(VALUE('query (10)'!AF4),"")) | AI4: =IF('query (10)'!AG4="","",TRIM('query (10)'!AG4)) | AJ4: =IF('query (10)'!AH4="","",IFERROR(VALUE('query (10)'!AH4),"")) | AK4: =IF('query (10)'!AI4="","",TRIM('query (10)'!AI4)) | AL4: =IF($Y4="","",YEAR($Y4)) -> 2025 | AM4: =IF($Y4="","",TEXT($Y4,"yyyy-mm")) -> 2025-09 | AN4: =IF(OR($AB4="",$L4="COMPLETED"),"",IF($AB4<TODAY(),"OVERDUE","ON_SCHEDULE")) | AO4: =_xlfn.TEXTJOIN(" | ",TRUE,$C4,$D4,$E4,$F4,$H4,$I4,$M4,$N4,$O4,$Q4,$R4,$S4,$T4,$AC4,$AD4,$AG4) -> GR-721 | OUTER RING RACEWAY GRINDING MACHINE. | MCB3 | WORK HEAD | Predictive Maintenance | Mechanical | Inspection | Urgent | AI Alert!! Extra work high temperature of work head motor | AP4: =_xlfn.TEXTJOIN("; ",TRUE,IF(COUNTA('query (10)'!A4:AK4)<=6,"NEAR_EMPTY_ROW",""),IF($K4="","MISSING_STATUS",""),IF(AND($K4="เสร็จสิ้น",$Z4=""),"DONE_NO_ACTUAL_DATE",""),IF(AND($I4="Condition-based Maintenance",$AH4=""),"CBM_NO_MEASUREMENT",""),IF(OR($X4="",$X4=0),"INVALID_PERIOD",""),IF(AND($AA4<>"",$AB4<>"",$AB4<$AA4),"DATE_SEQUENCE_ERROR",""),IF(AND($AB4<>"",$AB4>DATE(2030,12,31)),"DATE_OUTLIER",""),IF($C4="","MISSING_QRCODE",""),IF($J4="UNKNOWN","UNKNOWN_PM_TYPE",""),IF($L4="UNKNOWN","UNKNOWN_STATUS","")) -> INVALID_PERIOD | AQ4: =IF($W4="","",IF($W4>0,"YES","NO")) -> NO
A5: =IF('query (10)'!A5="","",'query (10)'!A5) -> 7 | B5: =IF('query (10)'!B5="","",'query (10)'!B5) | C5: =TRIM(UPPER('query (10)'!M5)) -> GR-721 | D5: =TRIM(UPPER(IFERROR(_xlfn.TEXTBEFORE('query (10)'!L5,"("),'query (10)'!L5))) -> OUTER RING RACEWAY GRINDING MACHINE. | E5: =IFERROR(TRIM(UPPER(_xlfn.TEXTBEFORE(_xlfn.TEXTAFTER('query (10)'!L5,"("),")"))),"") | F5: =TRIM('query (10)'!K5) -> MCB3 | G5: =IF('query (10)'!J5="","",'query (10)'!J5) -> Work Head | H5: =TRIM(UPPER('query (10)'!J5)) -> WORK HEAD | I5: =IF('query (10)'!F5="","",'query (10)'!F5) -> Predictive Maintenance | J5: =IF('query (10)'!F5="","",IFERROR(INDEX(Cleaning_Rules!$B$14:$B$17,MATCH(TRIM('query (10)'!F5),Cleaning_Rules!$A$14:$A$17,0)),"UNKNOWN")) -> PdM | K5: =IF('query (10)'!G5="","",'query (10)'!G5) -> แก้ไขแผน | L5: =IF('query (10)'!G5="","MISSING",IFERROR(INDEX(Cleaning_Rules!$B$5:$B$10,MATCH(TRIM('query (10)'!G5),Cleaning_Rules!$A$5:$A$10,0)),"UNKNOWN")) -> PLAN_REVISED | M5: =IF('query (10)'!I5="","",'query (10)'!I5) -> Mechanical | N5: =IF('query (10)'!O5="","",'query (10)'!O5) -> Adjust | O5: =IF('query (10)'!P5="","",'query (10)'!P5) -> Medium | P5: =IF('query (10)'!N5="","",'query (10)'!N5) -> Reduce motor speed by 10% to extend service life. | Q5: =TRIM('query (10)'!N5) -> Reduce motor speed by 10% to extend service life. | R5: =TRIM(UPPER('query (10)'!R5)) | S5: =TRIM(UPPER('query (10)'!S5)) | T5: =IF('query (10)'!Q5="","",TRIM(UPPER('query (10)'!Q5))) | U5: =IF('query (10)'!T5="","",'query (10)'!T5) | V5: =IF('query (10)'!T5="","",IFERROR(VALUE('query (10)'!T5),"")) | W5: =IF('query (10)'!U5="","",'query (10)'!U5) -> 0 | X5: =IF('query (10)'!V5="","",'query (10)'!V5) | Y5: =IF('query (10)'!W5="","",'query (10)'!W5) -> 45902 | Z5: =IF('query (10)'!X5="","",'query (10)'!X5) -> 45902 | AA5: =IF('query (10)'!Y5="","",'query (10)'!Y5) | AB5: =IF('query (10)'!Z5="","",'query (10)'!Z5) | AC5: =IF(OR('query (10)'!AA5="",COUNTIF(Cleaning_Rules!$A$21:$A$26,TRIM('query (10)'!AA5))>0),"",TRIM('query (10)'!AA5)) | AD5: =IF('query (10)'!AB5="","",TRIM(IFERROR(_xlfn.TEXTBEFORE('query (10)'!AB5,"("),'query (10)'!AB5))) | AE5: =IFERROR(LOWER(TRIM(_xlfn.TEXTBEFORE(_xlfn.TEXTAFTER('query (10)'!AB5,"("),")"))),"") | AF5: =IF('query (10)'!AD5="","",TRIM('query (10)'!AD5)) -> เจษฎา ผิวบาง | AG5: =IF('query (10)'!AE5="","",TRIM('query (10)'!AE5)) | AH5: =IF('query (10)'!AF5="","",IFERROR(VALUE('query (10)'!AF5),"")) | AI5: =IF('query (10)'!AG5="","",TRIM('query (10)'!AG5)) | AJ5: =IF('query (10)'!AH5="","",IFERROR(VALUE('query (10)'!AH5),"")) | AK5: =IF('query (10)'!AI5="","",TRIM('query (10)'!AI5)) | AL5: =IF($Y5="","",YEAR($Y5)) -> 2025 | AM5: =IF($Y5="","",TEXT($Y5,"yyyy-mm")) -> 2025-09 | AN5: =IF(OR($AB5="",$L5="COMPLETED"),"",IF($AB5<TODAY(),"OVERDUE","ON_SCHEDULE")) | AO5: =_xlfn.TEXTJOIN(" | ",TRUE,$C5,$D5,$E5,$F5,$H5,$I5,$M5,$N5,$O5,$Q5,$R5,$S5,$T5,$AC5,$AD5,$AG5) -> GR-721 | OUTER RING RACEWAY GRINDING MACHINE. | MCB3 | WORK HEAD | Predictive Maintenance | Mechanical | Adjust | Medium | Reduce motor speed by 10% to extend service life. | AP5: =_xlfn.TEXTJOIN("; ",TRUE,IF(COUNTA('query (10)'!A5:AK5)<=6,"NEAR_EMPTY_ROW",""),IF($K5="","MISSING_STATUS",""),IF(AND($K5="เสร็จสิ้น",$Z5=""),"DONE_NO_ACTUAL_DATE",""),IF(AND($I5="Condition-based Maintenance",$AH5=""),"CBM_NO_MEASUREMENT",""),IF(OR($X5="",$X5=0),"INVALID_PERIOD",""),IF(AND($AA5<>"",$AB5<>"",$AB5<$AA5),"DATE_SEQUENCE_ERROR",""),IF(AND($AB5<>"",$AB5>DATE(2030,12,31)),"DATE_OUTLIER",""),IF($C5="","MISSING_QRCODE",""),IF($J5="UNKNOWN","UNKNOWN_PM_TYPE",""),IF($L5="UNKNOWN","UNKNOWN_STATUS","")) -> INVALID_PERIOD | AQ5: =IF($W5="","",IF($W5>0,"YES","NO")) -> NO
A6: =IF('query (10)'!A6="","",'query (10)'!A6) -> 15 | B6: =IF('query (10)'!B6="","",'query (10)'!B6) -> 17222 | C6: =TRIM(UPPER('query (10)'!M6)) -> GR-150 | D6: =TRIM(UPPER(IFERROR(_xlfn.TEXTBEFORE('query (10)'!L6,"("),'query (10)'!L6))) -> OUTER RING RACEWAY SUPER FINISH M/C | E6: =IFERROR(TRIM(UPPER(_xlfn.TEXTBEFORE(_xlfn.TEXTAFTER('query (10)'!L6,"("),")"))),"") | F6: =TRIM('query (10)'!K6) -> BWD2 | G6: =IF('query (10)'!J6="","",'query (10)'!J6) -> Dresser | H6: =TRIM(UPPER('query (10)'!J6)) -> DRESSER | I6: =IF('query (10)'!F6="","",'query (10)'!F6) -> Time-based Maintenance | J6: =IF('query (10)'!F6="","",IFERROR(INDEX(Cleaning_Rules!$B$14:$B$17,MATCH(TRIM('query (10)'!F6),Cleaning_Rules!$A$14:$A$17,0)),"UNKNOWN")) -> TBM | K6: =IF('query (10)'!G6="","",'query (10)'!G6) -> เสร็จสิ้น | L6: =IF('query (10)'!G6="","MISSING",IFERROR(INDEX(Cleaning_Rules!$B$5:$B$10,MATCH(TRIM('query (10)'!G6),Cleaning_Rules!$A$5:$A$10,0)),"UNKNOWN")) -> COMPLETED | M6: =IF('query (10)'!I6="","",'query (10)'!I6) -> Electrical | N6: =IF('query (10)'!O6="","",'query (10)'!O6) -> Inspection | O6: =IF('query (10)'!P6="","",'query (10)'!P6) -> Medium | P6: =IF('query (10)'!N6="","",'query (10)'!N6) -> Check rotation dresser sensor | Q6: =TRIM('query (10)'!N6) -> Check rotation dresser sensor | R6: =TRIM(UPPER('query (10)'!R6)) | S6: =TRIM(UPPER('query (10)'!S6)) | T6: =IF('query (10)'!Q6="","",TRIM(UPPER('query (10)'!Q6))) | U6: =IF('query (10)'!T6="","",'query (10)'!T6) -> 1 | V6: =IF('query (10)'!T6="","",IFERROR(VALUE('query (10)'!T6),"")) -> 1 | W6: =IF('query (10)'!U6="","",'query (10)'!U6) -> 0 | X6: =IF('query (10)'!V6="","",'query (10)'!V6) -> 90 | Y6: =IF('query (10)'!W6="","",'query (10)'!W6) -> 45919 | Z6: =IF('query (10)'!X6="","",'query (10)'!X6) -> 46090 | AA6: =IF('query (10)'!Y6="","",'query (10)'!Y6) -> 46090 | AB6: =IF('query (10)'!Z6="","",'query (10)'!Z6) -> 46180 | AC6: =IF(OR('query (10)'!AA6="",COUNTIF(Cleaning_Rules!$A$21:$A$26,TRIM('query (10)'!AA6))>0),"",TRIM('query (10)'!AA6)) | AD6: =IF('query (10)'!AB6="","",TRIM(IFERROR(_xlfn.TEXTBEFORE('query (10)'!AB6,"("),'query (10)'!AB6))) -> เริ่มซ่อมงาน PM แล้ว รับผิดชอบโดย NATDANAI JUTHATHEP | AE6: =IFERROR(LOWER(TRIM(_xlfn.TEXTBEFORE(_xlfn.TEXTAFTER('query (10)'!AB6,"("),")"))),"") -> juthathep-n-4697@nsk.com | AF6: =IF('query (10)'!AD6="","",TRIM('query (10)'!AD6)) -> ปิยะพงษ์ ทองแสน | AG6: =IF('query (10)'!AE6="","",TRIM('query (10)'!AE6)) -> ณัฐดนัย จุฑาเทพ | AH6: =IF('query (10)'!AF6="","",IFERROR(VALUE('query (10)'!AF6),"")) | AI6: =IF('query (10)'!AG6="","",TRIM('query (10)'!AG6)) | AJ6: =IF('query (10)'!AH6="","",IFERROR(VALUE('query (10)'!AH6),"")) | AK6: =IF('query (10)'!AI6="","",TRIM('query (10)'!AI6)) | AL6: =IF($Y6="","",YEAR($Y6)) -> 2025 | AM6: =IF($Y6="","",TEXT($Y6,"yyyy-mm")) -> 2025-09 | AN6: =IF(OR($AB6="",$L6="COMPLETED"),"",IF($AB6<TODAY(),"OVERDUE","ON_SCHEDULE")) | AO6: =_xlfn.TEXTJOIN(" | ",TRUE,$C6,$D6,$E6,$F6,$H6,$I6,$M6,$N6,$O6,$Q6,$R6,$S6,$T6,$AC6,$AD6,$AG6) -> GR-150 | OUTER RING RACEWAY SUPER FINISH M/C | BWD2 | DRESSER | Time-based Maintenance | Electrical | Inspection | Medium | Check rotation dresser sensor | เริ่มซ่อมงาน PM แล้ว รับผิดชอบโดย NATDANAI JUTHATHEP | ณัฐดนัย จุฑาเทพ | AP6: =_xlfn.TEXTJOIN("; ",TRUE,IF(COUNTA('query (10)'!A6:AK6)<=6,"NEAR_EMPTY_ROW",""),IF($K6="","MISSING_STATUS",""),IF(AND($K6="เสร็จสิ้น",$Z6=""),"DONE_NO_ACTUAL_DATE",""),IF(AND($I6="Condition-based Maintenance",$AH6=""),"CBM_NO_MEASUREMENT",""),IF(OR($X6="",$X6=0),"INVALID_PERIOD",""),IF(AND($AA6<>"",$AB6<>"",$AB6<$AA6),"DATE_SEQUENCE_ERROR",""),IF(AND($AB6<>"",$AB6>DATE(2030,12,31)),"DATE_OUTLIER",""),IF($C6="","MISSING_QRCODE",""),IF($J6="UNKNOWN","UNKNOWN_PM_TYPE",""),IF($L6="UNKNOWN","UNKNOWN_STATUS","")) | AQ6: =IF($W6="","",IF($W6>0,"YES","NO")) -> NO
A7: =IF('query (10)'!A7="","",'query (10)'!A7) -> 16 | B7: =IF('query (10)'!B7="","",'query (10)'!B7) | C7: =TRIM(UPPER('query (10)'!M7)) -> GR-150 | D7: =TRIM(UPPER(IFERROR(_xlfn.TEXTBEFORE('query (10)'!L7,"("),'query (10)'!L7))) -> OUTER RING RACEWAY SUPER FINISH M/C | E7: =IFERROR(TRIM(UPPER(_xlfn.TEXTBEFORE(_xlfn.TEXTAFTER('query (10)'!L7,"("),")"))),"") | F7: =TRIM('query (10)'!K7) -> BWD2 | G7: =IF('query (10)'!J7="","",'query (10)'!J7) -> Dresser | H7: =TRIM(UPPER('query (10)'!J7)) -> DRESSER | I7: =IF('query (10)'!F7="","",'query (10)'!F7) -> Time-based Maintenance | J7: =IF('query (10)'!F7="","",IFERROR(INDEX(Cleaning_Rules!$B$14:$B$17,MATCH(TRIM('query (10)'!F7),Cleaning_Rules!$A$14:$A$17,0)),"UNKNOWN")) -> TBM | K7: =IF('query (10)'!G7="","",'query (10)'!G7) -> เสร็จสิ้น | L7: =IF('query (10)'!G7="","MISSING",IFERROR(INDEX(Cleaning_Rules!$B$5:$B$10,MATCH(TRIM('query (10)'!G7),Cleaning_Rules!$A$5:$A$10,0)),"UNKNOWN")) -> COMPLETED | M7: =IF('query (10)'!I7="","",'query (10)'!I7) -> Mechanical | N7: =IF('query (10)'!O7="","",'query (10)'!O7) -> Inspection | O7: =IF('query (10)'!P7="","",'query (10)'!P7) -> Important | P7: =IF('query (10)'!N7="","",'query (10)'!N7) -> Check belt dresser | Q7: =TRIM('query (10)'!N7) -> Check belt dresser | R7: =TRIM(UPPER('query (10)'!R7)) | S7: =TRIM(UPPER('query (10)'!S7)) | T7: =IF('query (10)'!Q7="","",TRIM(UPPER('query (10)'!Q7))) | U7: =IF('query (10)'!T7="","",'query (10)'!T7) -> 1 | V7: =IF('query (10)'!T7="","",IFERROR(VALUE('query (10)'!T7),"")) -> 1 | W7: =IF('query (10)'!U7="","",'query (10)'!U7) -> 0 | X7: =IF('query (10)'!V7="","",'query (10)'!V7) -> 90 | Y7: =IF('query (10)'!W7="","",'query (10)'!W7) -> 45919 | Z7: =IF('query (10)'!X7="","",'query (10)'!X7) | AA7: =IF('query (10)'!Y7="","",'query (10)'!Y7) -> 45883 | AB7: =IF('query (10)'!Z7="","",'query (10)'!Z7) -> 45973 | AC7: =IF(OR('query (10)'!AA7="",COUNTIF(Cleaning_Rules!$A$21:$A$26,TRIM('query (10)'!AA7))>0),"",TRIM('query (10)'!AA7)) | AD7: =IF('query (10)'!AB7="","",TRIM(IFERROR(_xlfn.TEXTBEFORE('query (10)'!AB7,"("),'query (10)'!AB7))) | AE7: =IFERROR(LOWER(TRIM(_xlfn.TEXTBEFORE(_xlfn.TEXTAFTER('query (10)'!AB7,"("),")"))),"") | AF7: =IF('query (10)'!AD7="","",TRIM('query (10)'!AD7)) -> ปิยะพงษ์ ทองแสน | AG7: =IF('query (10)'!AE7="","",TRIM('query (10)'!AE7)) -> ณัฐดนัย จุฑาเทพ | AH7: =IF('query (10)'!AF7="","",IFERROR(VALUE('query (10)'!AF7),"")) | AI7: =IF('query (10)'!AG7="","",TRIM('query (10)'!AG7)) | AJ7: =IF('query (10)'!AH7="","",IFERROR(VALUE('query (10)'!AH7),"")) | AK7: =IF('query (10)'!AI7="","",TRIM('query (10)'!AI7)) | AL7: =IF($Y7="","",YEAR($Y7)) -> 2025 | AM7: =IF($Y7="","",TEXT($Y7,"yyyy-mm")) -> 2025-09 | AN7: =IF(OR($AB7="",$L7="COMPLETED"),"",IF($AB7<TODAY(),"OVERDUE","ON_SCHEDULE")) | AO7: =_xlfn.TEXTJOIN(" | ",TRUE,$C7,$D7,$E7,$F7,$H7,$I7,$M7,$N7,$O7,$Q7,$R7,$S7,$T7,$AC7,$AD7,$AG7) -> GR-150 | OUTER RING RACEWAY SUPER FINISH M/C | BWD2 | DRESSER | Time-based Maintenance | Mechanical | Inspection | Important | Check belt dresser | ณัฐดนัย จุฑาเทพ | AP7: =_xlfn.TEXTJOIN("; ",TRUE,IF(COUNTA('query (10)'!A7:AK7)<=6,"NEAR_EMPTY_ROW",""),IF($K7="","MISSING_STATUS",""),IF(AND($K7="เสร็จสิ้น",$Z7=""),"DONE_NO_ACTUAL_DATE",""),IF(AND($I7="Condition-based Maintenance",$AH7=""),"CBM_NO_MEASUREMENT",""),IF(OR($X7="",$X7=0),"INVALID_PERIOD",""),IF(AND($AA7<>"",$AB7<>"",$AB7<$AA7),"DATE_SEQUENCE_ERROR",""),IF(AND($AB7<>"",$AB7>DATE(2030,12,31)),"DATE_OUTLIER",""),IF($C7="","MISSING_QRCODE",""),IF($J7="UNKNOWN","UNKNOWN_PM_TYPE",""),IF($L7="UNKNOWN","UNKNOWN_STATUS","")) -> DONE_NO_ACTUAL_DATE | AQ7: =IF($W7="","",IF($W7>0,"YES","NO")) -> NO
A8: =IF('query (10)'!A8="","",'query (10)'!A8) -> 17 | B8: =IF('query (10)'!B8="","",'query (10)'!B8) -> 17223 | C8: =TRIM(UPPER('query (10)'!M8)) -> GR-150 | D8: =TRIM(UPPER(IFERROR(_xlfn.TEXTBEFORE('query (10)'!L8,"("),'query (10)'!L8))) -> OUTER RING RACEWAY SUPER FINISH M/C | E8: =IFERROR(TRIM(UPPER(_xlfn.TEXTBEFORE(_xlfn.TEXTAFTER('query (10)'!L8,"("),")"))),"") | F8: =TRIM('query (10)'!K8) -> BWD2 | G8: =IF('query (10)'!J8="","",'query (10)'!J8) -> Dresser | H8: =TRIM(UPPER('query (10)'!J8)) -> DRESSER | I8: =IF('query (10)'!F8="","",'query (10)'!F8) -> Time-based Maintenance | J8: =IF('query (10)'!F8="","",IFERROR(INDEX(Cleaning_Rules!$B$14:$B$17,MATCH(TRIM('query (10)'!F8),Cleaning_Rules!$A$14:$A$17,0)),"UNKNOWN")) -> TBM | K8: =IF('query (10)'!G8="","",'query (10)'!G8) -> เสร็จสิ้น | L8: =IF('query (10)'!G8="","MISSING",IFERROR(INDEX(Cleaning_Rules!$B$5:$B$10,MATCH(TRIM('query (10)'!G8),Cleaning_Rules!$A$5:$A$10,0)),"UNKNOWN")) -> COMPLETED | M8: =IF('query (10)'!I8="","",'query (10)'!I8) -> Mechanical | N8: =IF('query (10)'!O8="","",'query (10)'!O8) -> Measure | O8: =IF('query (10)'!P8="","",'query (10)'!P8) -> Urgent | P8: =IF('query (10)'!N8="","",'query (10)'!N8) -> Check accuracy of dresser unit | Q8: =TRIM('query (10)'!N8) -> Check accuracy of dresser unit | R8: =TRIM(UPPER('query (10)'!R8)) | S8: =TRIM(UPPER('query (10)'!S8)) | T8: =IF('query (10)'!Q8="","",TRIM(UPPER('query (10)'!Q8))) | U8: =IF('query (10)'!T8="","",'query (10)'!T8) -> 1 | V8: =IF('query (10)'!T8="","",IFERROR(VALUE('query (10)'!T8),"")) -> 1 | W8: =IF('query (10)'!U8="","",'query (10)'!U8) -> 0 | X8: =IF('query (10)'!V8="","",'query (10)'!V8) -> 90 | Y8: =IF('query (10)'!W8="","",'query (10)'!W8) -> 45919 | Z8: =IF('query (10)'!X8="","",'query (10)'!X8) -> 46031 | AA8: =IF('query (10)'!Y8="","",'query (10)'!Y8) -> 46031 | AB8: =IF('query (10)'!Z8="","",'query (10)'!Z8) -> 46121 | AC8: =IF(OR('query (10)'!AA8="",COUNTIF(Cleaning_Rules!$A$21:$A$26,TRIM('query (10)'!AA8))>0),"",TRIM('query (10)'!AA8)) | AD8: =IF('query (10)'!AB8="","",TRIM(IFERROR(_xlfn.TEXTBEFORE('query (10)'!AB8,"("),'query (10)'!AB8))) -> เริ่มซ่อมงาน PM แล้ว รับผิดชอบโดย PAHLA SEEDANG | AE8: =IFERROR(LOWER(TRIM(_xlfn.TEXTBEFORE(_xlfn.TEXTAFTER('query (10)'!AB8,"("),")"))),"") -> pahla@nsk.com | AF8: =IF('query (10)'!AD8="","",TRIM('query (10)'!AD8)) -> ปิยะพงษ์ ทองแสน | AG8: =IF('query (10)'!AE8="","",TRIM('query (10)'!AE8)) -> ณัฐดนัย จุฑาเทพ | AH8: =IF('query (10)'!AF8="","",IFERROR(VALUE('query (10)'!AF8),"")) | AI8: =IF('query (10)'!AG8="","",TRIM('query (10)'!AG8)) | AJ8: =IF('query (10)'!AH8="","",IFERROR(VALUE('query (10)'!AH8),"")) | AK8: =IF('query (10)'!AI8="","",TRIM('query (10)'!AI8)) | AL8: =IF($Y8="","",YEAR($Y8)) -> 2025 | AM8: =IF($Y8="","",TEXT($Y8,"yyyy-mm")) -> 2025-09 | AN8: =IF(OR($AB8="",$L8="COMPLETED"),"",IF($AB8<TODAY(),"OVERDUE","ON_SCHEDULE")) | AO8: =_xlfn.TEXTJOIN(" | ",TRUE,$C8,$D8,$E8,$F8,$H8,$I8,$M8,$N8,$O8,$Q8,$R8,$S8,$T8,$AC8,$AD8,$AG8) -> GR-150 | OUTER RING RACEWAY SUPER FINISH M/C | BWD2 | DRESSER | Time-based Maintenance | Mechanical | Measure | Urgent | Check accuracy of dresser unit | เริ่มซ่อมงาน PM แล้ว รับผิดชอบโดย PAHLA SEEDANG | ณัฐดนัย จุฑาเทพ | AP8: =_xlfn.TEXTJOIN("; ",TRUE,IF(COUNTA('query (10)'!A8:AK8)<=6,"NEAR_EMPTY_ROW",""),IF($K8="","MISSING_STATUS",""),IF(AND($K8="เสร็จสิ้น",$Z8=""),"DONE_NO_ACTUAL_DATE",""),IF(AND($I8="Condition-based Maintenance",$AH8=""),"CBM_NO_MEASUREMENT",""),IF(OR($X8="",$X8=0),"INVALID_PERIOD",""),IF(AND($AA8<>"",$AB8<>"",$AB8<$AA8),"DATE_SEQUENCE_ERROR",""),IF(AND($AB8<>"",$AB8>DATE(2030,12,31)),"DATE_OUTLIER",""),IF($C8="","MISSING_QRCODE",""),IF($J8="UNKNOWN","UNKNOWN_PM_TYPE",""),IF($L8="UNKNOWN","UNKNOWN_STATUS","")) | AQ8: =IF($W8="","",IF($W8>0,"YES","NO")) -> NO
A9: =IF('query (10)'!A9="","",'query (10)'!A9) -> 19 | B9: =IF('query (10)'!B9="","",'query (10)'!B9) | C9: =TRIM(UPPER('query (10)'!M9)) -> GR-062 | D9: =TRIM(UPPER(IFERROR(_xlfn.TEXTBEFORE('query (10)'!L9,"("),'query (10)'!L9))) -> INNER RING RACEWAY GRINDING M/C | E9: =IFERROR(TRIM(UPPER(_xlfn.TEXTBEFORE(_xlfn.TEXTAFTER('query (10)'!L9,"("),")"))),"") | F9: =TRIM('query (10)'!K9) -> BWD1 | G9: =IF('query (10)'!J9="","",'query (10)'!J9) -> Wheel Head | H9: =TRIM(UPPER('query (10)'!J9)) -> WHEEL HEAD | I9: =IF('query (10)'!F9="","",'query (10)'!F9) -> Time-based Maintenance | J9: =IF('query (10)'!F9="","",IFERROR(INDEX(Cleaning_Rules!$B$14:$B$17,MATCH(TRIM('query (10)'!F9),Cleaning_Rules!$A$14:$A$17,0)),"UNKNOWN")) -> TBM | K9: =IF('query (10)'!G9="","",'query (10)'!G9) -> แก้ไขแผน | L9: =IF('query (10)'!G9="","MISSING",IFERROR(INDEX(Cleaning_Rules!$B$5:$B$10,MATCH(TRIM('query (10)'!G9),Cleaning_Rules!$A$5:$A$10,0)),"UNKNOWN")) -> PLAN_REVISED | M9: =IF('query (10)'!I9="","",'query (10)'!I9) -> Electrical | N9: =IF('query (10)'!O9="","",'query (10)'!O9) -> Inspection | O9: =IF('query (10)'!P9="","",'query (10)'!P9) -> Medium | P9: =IF('query (10)'!N9="","",'query (10)'!N9) -> ตรวจสอบสายพาน Wheel head | Q9: =TRIM('query (10)'!N9) -> ตรวจสอบสายพาน Wheel head | R9: =TRIM(UPPER('query (10)'!R9)) -> WHEEL LUBRICATION TANK | S9: =TRIM(UPPER('query (10)'!S9)) -> 09-1020-0700-001C | T9: =IF('query (10)'!Q9="","",TRIM(UPPER('query (10)'!Q9))) -> MTMC-1441 | U9: =IF('query (10)'!T9="","",'query (10)'!T9) -> 1 | V9: =IF('query (10)'!T9="","",IFERROR(VALUE('query (10)'!T9),"")) -> 1 | W9: =IF('query (10)'!U9="","",'query (10)'!U9) -> 77600 | X9: =IF('query (10)'!V9="","",'query (10)'!V9) -> 180 | Y9: =IF('query (10)'!W9="","",'query (10)'!W9) -> 45931 | Z9: =IF('query (10)'!X9="","",'query (10)'!X9) | AA9: =IF('query (10)'!Y9="","",'query (10)'!Y9) -> 45931 | AB9: =IF('query (10)'!Z9="","",'query (10)'!Z9) -> 46111 | AC9: =IF(OR('query (10)'!AA9="",COUNTIF(Cleaning_Rules!$A$21:$A$26,TRIM('query (10)'!AA9))>0),"",TRIM('query (10)'!AA9)) | AD9: =IF('query (10)'!AB9="","",TRIM(IFERROR(_xlfn.TEXTBEFORE('query (10)'!AB9,"("),'query (10)'!AB9))) | AE9: =IFERROR(LOWER(TRIM(_xlfn.TEXTBEFORE(_xlfn.TEXTAFTER('query (10)'!AB9,"("),")"))),"") | AF9: =IF('query (10)'!AD9="","",TRIM('query (10)'!AD9)) -> ปิยะพงษ์ ทองแสน | AG9: =IF('query (10)'!AE9="","",TRIM('query (10)'!AE9)) -> ปิยะพงษ์ ทองแสน | AH9: =IF('query (10)'!AF9="","",IFERROR(VALUE('query (10)'!AF9),"")) | AI9: =IF('query (10)'!AG9="","",TRIM('query (10)'!AG9)) | AJ9: =IF('query (10)'!AH9="","",IFERROR(VALUE('query (10)'!AH9),"")) | AK9: =IF('query (10)'!AI9="","",TRIM('query (10)'!AI9)) | AL9: =IF($Y9="","",YEAR($Y9)) -> 2025 | AM9: =IF($Y9="","",TEXT($Y9,"yyyy-mm")) -> 2025-10 | AN9: =IF(OR($AB9="",$L9="COMPLETED"),"",IF($AB9<TODAY(),"OVERDUE","ON_SCHEDULE")) -> OVERDUE | AO9: =_xlfn.TEXTJOIN(" | ",TRUE,$C9,$D9,$E9,$F9,$H9,$I9,$M9,$N9,$O9,$Q9,$R9,$S9,$T9,$AC9,$AD9,$AG9) -> GR-062 | INNER RING RACEWAY GRINDING M/C | BWD1 | WHEEL HEAD | Time-based Maintenance | Electrical | Inspection | Medium | ตรวจสอบสายพาน Wheel head | WHEEL LUBRICATION TANK | 09-1020-0700-001C | MTMC-1441 | ปิยะพงษ์ ทองแสน | AP9: =_xlfn.TEXTJOIN("; ",TRUE,IF(COUNTA('query (10)'!A9:AK9)<=6,"NEAR_EMPTY_ROW",""),IF($K9="","MISSING_STATUS",""),IF(AND($K9="เสร็จสิ้น",$Z9=""),"DONE_NO_ACTUAL_DATE",""),IF(AND($I9="Condition-based Maintenance",$AH9=""),"CBM_NO_MEASUREMENT",""),IF(OR($X9="",$X9=0),"INVALID_PERIOD",""),IF(AND($AA9<>"",$AB9<>"",$AB9<$AA9),"DATE_SEQUENCE_ERROR",""),IF(AND($AB9<>"",$AB9>DATE(2030,12,31)),"DATE_OUTLIER",""),IF($C9="","MISSING_QRCODE",""),IF($J9="UNKNOWN","UNKNOWN_PM_TYPE",""),IF($L9="UNKNOWN","UNKNOWN_STATUS","")) | AQ9: =IF($W9="","",IF($W9>0,"YES","NO")) -> YES
A10: =IF('query (10)'!A10="","",'query (10)'!A10) -> 20 | B10: =IF('query (10)'!B10="","",'query (10)'!B10) | C10: =TRIM(UPPER('query (10)'!M10)) -> GR-062 | D10: =TRIM(UPPER(IFERROR(_xlfn.TEXTBEFORE('query (10)'!L10,"("),'query (10)'!L10))) -> INNER RING RACEWAY GRINDING M/C | E10: =IFERROR(TRIM(UPPER(_xlfn.TEXTBEFORE(_xlfn.TEXTAFTER('query (10)'!L10,"("),")"))),"") | F10: =TRIM('query (10)'!K10) -> BWD1 | G10: =IF('query (10)'!J10="","",'query (10)'!J10) -> Transfer | H10: =TRIM(UPPER('query (10)'!J10)) -> TRANSFER | I10: =IF('query (10)'!F10="","",'query (10)'!F10) -> Time-based Maintenance | J10: =IF('query (10)'!F10="","",IFERROR(INDEX(Cleaning_Rules!$B$14:$B$17,MATCH(TRIM('query (10)'!F10),Cleaning_Rules!$A$14:$A$17,0)),"UNKNOWN")) -> TBM | K10: =IF('query (10)'!G10="","",'query (10)'!G10) -> แก้ไขแผน | L10: =IF('query (10)'!G10="","MISSING",IFERROR(INDEX(Cleaning_Rules!$B$5:$B$10,MATCH(TRIM('query (10)'!G10),Cleaning_Rules!$A$5:$A$10,0)),"UNKNOWN")) -> PLAN_REVISED | M10: =IF('query (10)'!I10="","",'query (10)'!I10) -> Electrical | N10: =IF('query (10)'!O10="","",'query (10)'!O10) -> Inspection | O10: =IF('query (10)'!P10="","",'query (10)'!P10) -> Important | P10: =IF('query (10)'!N10="","",'query (10)'!N10) -> ตรวจสอบเซ็นเซอร์ Up down | Q10: =TRIM('query (10)'!N10) -> ตรวจสอบเซ็นเซอร์ Up down | R10: =TRIM(UPPER('query (10)'!R10)) -> SENSOR | S10: =TRIM(UPPER('query (10)'!S10)) -> D-M9BAL | T10: =IF('query (10)'!Q10="","",TRIM(UPPER('query (10)'!Q10))) -> MTEE-0725 | U10: =IF('query (10)'!T10="","",'query (10)'!T10) -> 1 | V10: =IF('query (10)'!T10="","",IFERROR(VALUE('query (10)'!T10),"")) -> 1 | W10: =IF('query (10)'!U10="","",'query (10)'!U10) -> 797.64 | X10: =IF('query (10)'!V10="","",'query (10)'!V10) -> 180 | Y10: =IF('query (10)'!W10="","",'query (10)'!W10) -> 45932 | Z10: =IF('query (10)'!X10="","",'query (10)'!X10) | AA10: =IF('query (10)'!Y10="","",'query (10)'!Y10) -> 45932 | AB10: =IF('query (10)'!Z10="","",'query (10)'!Z10) -> 46112 | AC10: =IF(OR('query (10)'!AA10="",COUNTIF(Cleaning_Rules!$A$21:$A$26,TRIM('query (10)'!AA10))>0),"",TRIM('query (10)'!AA10)) | AD10: =IF('query (10)'!AB10="","",TRIM(IFERROR(_xlfn.TEXTBEFORE('query (10)'!AB10,"("),'query (10)'!AB10))) | AE10: =IFERROR(LOWER(TRIM(_xlfn.TEXTBEFORE(_xlfn.TEXTAFTER('query (10)'!AB10,"("),")"))),"") | AF10: =IF('query (10)'!AD10="","",TRIM('query (10)'!AD10)) -> อัมรินทร์ รักษาพล | AG10: =IF('query (10)'!AE10="","",TRIM('query (10)'!AE10)) -> พงษ์พิทักษ์ ศรไชย | AH10: =IF('query (10)'!AF10="","",IFERROR(VALUE('query (10)'!AF10),"")) | AI10: =IF('query (10)'!AG10="","",TRIM('query (10)'!AG10)) | AJ10: =IF('query (10)'!AH10="","",IFERROR(VALUE('query (10)'!AH10),"")) | AK10: =IF('query (10)'!AI10="","",TRIM('query (10)'!AI10)) | AL10: =IF($Y10="","",YEAR($Y10)) -> 2025 | AM10: =IF($Y10="","",TEXT($Y10,"yyyy-mm")) -> 2025-10 | AN10: =IF(OR($AB10="",$L10="COMPLETED"),"",IF($AB10<TODAY(),"OVERDUE","ON_SCHEDULE")) -> OVERDUE | AO10: =_xlfn.TEXTJOIN(" | ",TRUE,$C10,$D10,$E10,$F10,$H10,$I10,$M10,$N10,$O10,$Q10,$R10,$S10,$T10,$AC10,$AD10,$AG10) -> GR-062 | INNER RING RACEWAY GRINDING M/C | BWD1 | TRANSFER | Time-based Maintenance | Electrical | Inspection | Important | ตรวจสอบเซ็นเซอร์ Up down | SENSOR | D-M9BAL | MTEE-0725 | พงษ์พิทักษ์ ศรไชย | AP10: =_xlfn.TEXTJOIN("; ",TRUE,IF(COUNTA('query (10)'!A10:AK10)<=6,"NEAR_EMPTY_ROW",""),IF($K10="","MISSING_STATUS",""),IF(AND($K10="เสร็จสิ้น",$Z10=""),"DONE_NO_ACTUAL_DATE",""),IF(AND($I10="Condition-based Maintenance",$AH10=""),"CBM_NO_MEASUREMENT",""),IF(OR($X10="",$X10=0),"INVALID_PERIOD",""),IF(AND($AA10<>"",$AB10<>"",$AB10<$AA10),"DATE_SEQUENCE_ERROR",""),IF(AND($AB10<>"",$AB10>DATE(2030,12,31)),"DATE_OUTLIER",""),IF($C10="","MISSING_QRCODE",""),IF($J10="UNKNOWN","UNKNOWN_PM_TYPE",""),IF($L10="UNKNOWN","UNKNOWN_STATUS","")) | AQ10: =IF($W10="","",IF($W10>0,"YES","NO")) -> YES
A11: =IF('query (10)'!A11="","",'query (10)'!A11) -> 21 | B11: =IF('query (10)'!B11="","",'query (10)'!B11) | C11: =TRIM(UPPER('query (10)'!M11)) -> GR-721 | D11: =TRIM(UPPER(IFERROR(_xlfn.TEXTBEFORE('query (10)'!L11,"("),'query (10)'!L11))) -> OUTER RING RACEWAY GRINDING MACHINE. | E11: =IFERROR(TRIM(UPPER(_xlfn.TEXTBEFORE(_xlfn.TEXTAFTER('query (10)'!L11,"("),")"))),"") | F11: =TRIM('query (10)'!K11) -> MCB3 | G11: =IF('query (10)'!J11="","",'query (10)'!J11) -> Conveyor | H11: =TRIM(UPPER('query (10)'!J11)) -> CONVEYOR | I11: =IF('query (10)'!F11="","",'query (10)'!F11) -> Time-based Maintenance | J11: =IF('query (10)'!F11="","",IFERROR(INDEX(Cleaning_Rules!$B$14:$B$17,MATCH(TRIM('query (10)'!F11),Cleaning_Rules!$A$14:$A$17,0)),"UNKNOWN")) -> TBM | K11: =IF('query (10)'!G11="","",'query (10)'!G11) -> เสร็จสิ้น | L11: =IF('query (10)'!G11="","MISSING",IFERROR(INDEX(Cleaning_Rules!$B$5:$B$10,MATCH(TRIM('query (10)'!G11),Cleaning_Rules!$A$5:$A$10,0)),"UNKNOWN")) -> COMPLETED | M11: =IF('query (10)'!I11="","",'query (10)'!I11) -> Mechanical | N11: =IF('query (10)'!O11="","",'query (10)'!O11) -> Measure | O11: =IF('query (10)'!P11="","",'query (10)'!P11) -> Urgent | P11: =IF('query (10)'!N11="","",'query (10)'!N11) -> High Velocity Vibration of Work head unit 5.00 mm/s | Q11: =TRIM('query (10)'!N11) -> High Velocity Vibration of Work head unit 5.00 mm/s | R11: =TRIM(UPPER('query (10)'!R11)) -> ACCELERROMETER | S11: =TRIM(UPPER('query (10)'!S11)) -> 7201-50 | T11: =IF('query (10)'!Q11="","",TRIM(UPPER('query (10)'!Q11))) -> MTEE-0003 | U11: =IF('query (10)'!T11="","",'query (10)'!T11) -> 1 | V11: =IF('query (10)'!T11="","",IFERROR(VALUE('query (10)'!T11),"")) -> 1 | W11: =IF('query (10)'!U11="","",'query (10)'!U11) -> 48000 | X11: =IF('query (10)'!V11="","",'query (10)'!V11) -> 60 | Y11: =IF('query (10)'!W11="","",'query (10)'!W11) -> 45902 | Z11: =IF('query (10)'!X11="","",'query (10)'!X11) | AA11: =IF('query (10)'!Y11="","",'query (10)'!Y11) -> 45931 | AB11: =IF('query (10)'!Z11="","",'query (10)'!Z11) -> 45991 | AC11: =IF(OR('query (10)'!AA11="",COUNTIF(Cleaning_Rules!$A$21:$A$26,TRIM('query (10)'!AA11))>0),"",TRIM('query (10)'!AA11)) -> test | AD11: =IF('query (10)'!AB11="","",TRIM(IFERROR(_xlfn.TEXTBEFORE('query (10)'!AB11,"("),'query (10)'!AB11))) | AE11: =IFERROR(LOWER(TRIM(_xlfn.TEXTBEFORE(_xlfn.TEXTAFTER('query (10)'!AB11,"("),")"))),"") | AF11: =IF('query (10)'!AD11="","",TRIM('query (10)'!AD11)) -> ภูชิต กุลเสรี | AG11: =IF('query (10)'!AE11="","",TRIM('query (10)'!AE11)) -> จักรภัทร โคตรสมบัติ | AH11: =IF('query (10)'!AF11="","",IFERROR(VALUE('query (10)'!AF11),"")) | AI11: =IF('query (10)'!AG11="","",TRIM('query (10)'!AG11)) | AJ11: =IF('query (10)'!AH11="","",IFERROR(VALUE('query (10)'!AH11),"")) | AK11: =IF('query (10)'!AI11="","",TRIM('query (10)'!AI11)) | AL11: =IF($Y11="","",YEAR($Y11)) -> 2025 | AM11: =IF($Y11="","",TEXT($Y11,"yyyy-mm")) -> 2025-09 | AN11: =IF(OR($AB11="",$L11="COMPLETED"),"",IF($AB11<TODAY(),"OVERDUE","ON_SCHEDULE")) | AO11: =_xlfn.TEXTJOIN(" | ",TRUE,$C11,$D11,$E11,$F11,$H11,$I11,$M11,$N11,$O11,$Q11,$R11,$S11,$T11,$AC11,$AD11,$AG11) -> GR-721 | OUTER RING RACEWAY GRINDING MACHINE. | MCB3 | CONVEYOR | Time-based Maintenance | Mechanical | Measure | Urgent | High Velocity Vibration of Work head unit 5.00 mm/s | ACCELERROMETER | 7201-50 | MTEE-0003 | test | จักรภัทร โคตรสมบัติ | AP11: =_xlfn.TEXTJOIN("; ",TRUE,IF(COUNTA('query (10)'!A11:AK11)<=6,"NEAR_EMPTY_ROW",""),IF($K11="","MISSING_STATUS",""),IF(AND($K11="เสร็จสิ้น",$Z11=""),"DONE_NO_ACTUAL_DATE",""),IF(AND($I11="Condition-based Maintenance",$AH11=""),"CBM_NO_MEASUREMENT",""),IF(OR($X11="",$X11=0),"INVALID_PERIOD",""),IF(AND($AA11<>"",$AB11<>"",$AB11<$AA11),"DATE_SEQUENCE_ERROR",""),IF(AND($AB11<>"",$AB11>DATE(2030,12,31)),"DATE_OUTLIER",""),IF($C11="","MISSING_QRCODE",""),IF($J11="UNKNOWN","UNKNOWN_PM_TYPE",""),IF($L11="UNKNOWN","UNKNOWN_STATUS","")) -> DONE_NO_ACTUAL_DATE | AQ11: =IF($W11="","",IF($W11>0,"YES","NO")) -> YES
A12: =IF('query (10)'!A12="","",'query (10)'!A12) -> 22 | B12: =IF('query (10)'!B12="","",'query (10)'!B12) | C12: =TRIM(UPPER('query (10)'!M12)) -> GR-150 | D12: =TRIM(UPPER(IFERROR(_xlfn.TEXTBEFORE('query (10)'!L12,"("),'query (10)'!L12))) -> OUTER RING RACEWAY SUPER FINISH M/C | E12: =IFERROR(TRIM(UPPER(_xlfn.TEXTBEFORE(_xlfn.TEXTAFTER('query (10)'!L12,"("),")"))),"") | F12: =TRIM('query (10)'!K12) -> BWD2 | G12: =IF('query (10)'!J12="","",'query (10)'!J12) -> Conveyor | H12: =TRIM(UPPER('query (10)'!J12)) -> CONVEYOR | I12: =IF('query (10)'!F12="","",'query (10)'!F12) -> Time-based Maintenance | J12: =IF('query (10)'!F12="","",IFERROR(INDEX(Cleaning_Rules!$B$14:$B$17,MATCH(TRIM('query (10)'!F12),Cleaning_Rules!$A$14:$A$17,0)),"UNKNOWN")) -> TBM | K12: =IF('query (10)'!G12="","",'query (10)'!G12) -> เสร็จสิ้น | L12: =IF('query (10)'!G12="","MISSING",IFERROR(INDEX(Cleaning_Rules!$B$5:$B$10,MATCH(TRIM('query (10)'!G12),Cleaning_Rules!$A$5:$A$10,0)),"UNKNOWN")) -> COMPLETED | M12: =IF('query (10)'!I12="","",'query (10)'!I12) -> Electrical | N12: =IF('query (10)'!O12="","",'query (10)'!O12) -> Inspection | O12: =IF('query (10)'!P12="","",'query (10)'!P12) -> Medium | P12: =IF('query (10)'!N12="","",'query (10)'!N12) -> test | Q12: =TRIM('query (10)'!N12) -> test | R12: =TRIM(UPPER('query (10)'!R12)) -> AMP METER | S12: =TRIM(UPPER('query (10)'!S12)) -> ACF-85P(RANGE 0-50AMP) | T12: =IF('query (10)'!Q12="","",TRIM(UPPER('query (10)'!Q12))) -> MTEE-0014 | U12: =IF('query (10)'!T12="","",'query (10)'!T12) -> 1 | V12: =IF('query (10)'!T12="","",IFERROR(VALUE('query (10)'!T12),"")) -> 1 | W12: =IF('query (10)'!U12="","",'query (10)'!U12) -> 2726.5 | X12: =IF('query (10)'!V12="","",'query (10)'!V12) -> 60 | Y12: =IF('query (10)'!W12="","",'query (10)'!W12) -> 45933 | Z12: =IF('query (10)'!X12="","",'query (10)'!X12) | AA12: =IF('query (10)'!Y12="","",'query (10)'!Y12) -> 45902 | AB12: =IF('query (10)'!Z12="","",'query (10)'!Z12) -> 45962 | AC12: =IF(OR('query (10)'!AA12="",COUNTIF(Cleaning_Rules!$A$21:$A$26,TRIM('query (10)'!AA12))>0),"",TRIM('query (10)'!AA12)) -> test | AD12: =IF('query (10)'!AB12="","",TRIM(IFERROR(_xlfn.TEXTBEFORE('query (10)'!AB12,"("),'query (10)'!AB12))) | AE12: =IFERROR(LOWER(TRIM(_xlfn.TEXTBEFORE(_xlfn.TEXTAFTER('query (10)'!AB12,"("),")"))),"") | AF12: =IF('query (10)'!AD12="","",TRIM('query (10)'!AD12)) -> ปิยะพงษ์ ทองแสน | AG12: =IF('query (10)'!AE12="","",TRIM('query (10)'!AE12)) -> ปิยะพงษ์ ทองแสน | AH12: =IF('query (10)'!AF12="","",IFERROR(VALUE('query (10)'!AF12),"")) | AI12: =IF('query (10)'!AG12="","",TRIM('query (10)'!AG12)) | AJ12: =IF('query (10)'!AH12="","",IFERROR(VALUE('query (10)'!AH12),"")) | AK12: =IF('query (10)'!AI12="","",TRIM('query (10)'!AI12)) | AL12: =IF($Y12="","",YEAR($Y12)) -> 2025 | AM12: =IF($Y12="","",TEXT($Y12,"yyyy-mm")) -> 2025-10 | AN12: =IF(OR($AB12="",$L12="COMPLETED"),"",IF($AB12<TODAY(),"OVERDUE","ON_SCHEDULE")) | AO12: =_xlfn.TEXTJOIN(" | ",TRUE,$C12,$D12,$E12,$F12,$H12,$I12,$M12,$N12,$O12,$Q12,$R12,$S12,$T12,$AC12,$AD12,$AG12) -> GR-150 | OUTER RING RACEWAY SUPER FINISH M/C | BWD2 | CONVEYOR | Time-based Maintenance | Electrical | Inspection | Medium | test | AMP METER | ACF-85P(RANGE 0-50AMP) | MTEE-0014 | test | ปิยะพงษ์ ทองแสน | AP12: =_xlfn.TEXTJOIN("; ",TRUE,IF(COUNTA('query (10)'!A12:AK12)<=6,"NEAR_EMPTY_ROW",""),IF($K12="","MISSING_STATUS",""),IF(AND($K12="เสร็จสิ้น",$Z12=""),"DONE_NO_ACTUAL_DATE",""),IF(AND($I12="Condition-based Maintenance",$AH12=""),"CBM_NO_MEASUREMENT",""),IF(OR($X12="",$X12=0),"INVALID_PERIOD",""),IF(AND($AA12<>"",$AB12<>"",$AB12<$AA12),"DATE_SEQUENCE_ERROR",""),IF(AND($AB12<>"",$AB12>DATE(2030,12,31)),"DATE_OUTLIER",""),IF($C12="","MISSING_QRCODE",""),IF($J12="UNKNOWN","UNKNOWN_PM_TYPE",""),IF($L12="UNKNOWN","UNKNOWN_STATUS","")) -> DONE_NO_ACTUAL_DATE | AQ12: =IF($W12="","",IF($W12>0,"YES","NO")) -> YES
A13: =IF('query (10)'!A13="","",'query (10)'!A13) -> 23 | B13: =IF('query (10)'!B13="","",'query (10)'!B13) | C13: =TRIM(UPPER('query (10)'!M13)) -> GR-150 | D13: =TRIM(UPPER(IFERROR(_xlfn.TEXTBEFORE('query (10)'!L13,"("),'query (10)'!L13))) -> OUTER RING RACEWAY SUPER FINISH M/C | E13: =IFERROR(TRIM(UPPER(_xlfn.TEXTBEFORE(_xlfn.TEXTAFTER('query (10)'!L13,"("),")"))),"") | F13: =TRIM('query (10)'!K13) -> BWD2 | G13: =IF('query (10)'!J13="","",'query (10)'!J13) -> Dresser | H13: =TRIM(UPPER('query (10)'!J13)) -> DRESSER | I13: =IF('query (10)'!F13="","",'query (10)'!F13) -> Time-based Maintenance | J13: =IF('query (10)'!F13="","",IFERROR(INDEX(Cleaning_Rules!$B$14:$B$17,MATCH(TRIM('query (10)'!F13),Cleaning_Rules!$A$14:$A$17,0)),"UNKNOWN")) -> TBM | K13: =IF('query (10)'!G13="","",'query (10)'!G13) -> เสร็จสิ้น | L13: =IF('query (10)'!G13="","MISSING",IFERROR(INDEX(Cleaning_Rules!$B$5:$B$10,MATCH(TRIM('query (10)'!G13),Cleaning_Rules!$A$5:$A$10,0)),"UNKNOWN")) -> COMPLETED | M13: =IF('query (10)'!I13="","",'query (10)'!I13) -> Electrical | N13: =IF('query (10)'!O13="","",'query (10)'!O13) -> Inspection | O13: =IF('query (10)'!P13="","",'query (10)'!P13) -> Medium | P13: =IF('query (10)'!N13="","",'query (10)'!N13) -> ตรวจสอบ Dresser | Q13: =TRIM('query (10)'!N13) -> ตรวจสอบ Dresser | R13: =TRIM(UPPER('query (10)'!R13)) -> DRESS SPINDLE | S13: =TRIM(UPPER('query (10)'!S13)) -> UID201 | T13: =IF('query (10)'!Q13="","",TRIM(UPPER('query (10)'!Q13))) -> MTMC-1479 | U13: =IF('query (10)'!T13="","",'query (10)'!T13) -> 1 | V13: =IF('query (10)'!T13="","",IFERROR(VALUE('query (10)'!T13),"")) -> 1 | W13: =IF('query (10)'!U13="","",'query (10)'!U13) -> 340335.66 | X13: =IF('query (10)'!V13="","",'query (10)'!V13) -> 60 | Y13: =IF('query (10)'!W13="","",'query (10)'!W13) -> 45933 | Z13: =IF('query (10)'!X13="","",'query (10)'!X13) | AA13: =IF('query (10)'!Y13="","",'query (10)'!Y13) -> 45902 | AB13: =IF('query (10)'!Z13="","",'query (10)'!Z13) -> 45962 | AC13: =IF(OR('query (10)'!AA13="",COUNTIF(Cleaning_Rules!$A$21:$A$26,TRIM('query (10)'!AA13))>0),"",TRIM('query (10)'!AA13)) -> tes | AD13: =IF('query (10)'!AB13="","",TRIM(IFERROR(_xlfn.TEXTBEFORE('query (10)'!AB13,"("),'query (10)'!AB13))) | AE13: =IFERROR(LOWER(TRIM(_xlfn.TEXTBEFORE(_xlfn.TEXTAFTER('query (10)'!AB13,"("),")"))),"") | AF13: =IF('query (10)'!AD13="","",TRIM('query (10)'!AD13)) -> ปิยะพงษ์ ทองแสน | AG13: =IF('query (10)'!AE13="","",TRIM('query (10)'!AE13)) -> ปิยะพงษ์ ทองแสน | AH13: =IF('query (10)'!AF13="","",IFERROR(VALUE('query (10)'!AF13),"")) | AI13: =IF('query (10)'!AG13="","",TRIM('query (10)'!AG13)) | AJ13: =IF('query (10)'!AH13="","",IFERROR(VALUE('query (10)'!AH13),"")) | AK13: =IF('query (10)'!AI13="","",TRIM('query (10)'!AI13)) | AL13: =IF($Y13="","",YEAR($Y13)) -> 2025 | AM13: =IF($Y13="","",TEXT($Y13,"yyyy-mm")) -> 2025-10 | AN13: =IF(OR($AB13="",$L13="COMPLETED"),"",IF($AB13<TODAY(),"OVERDUE","ON_SCHEDULE")) | AO13: =_xlfn.TEXTJOIN(" | ",TRUE,$C13,$D13,$E13,$F13,$H13,$I13,$M13,$N13,$O13,$Q13,$R13,$S13,$T13,$AC13,$AD13,$AG13) -> GR-150 | OUTER RING RACEWAY SUPER FINISH M/C | BWD2 | DRESSER | Time-based Maintenance | Electrical | Inspection | Medium | ตรวจสอบ Dresser | DRESS SPINDLE | UID201 | MTMC-1479 | tes | ปิยะพงษ์ ทองแสน | AP13: =_xlfn.TEXTJOIN("; ",TRUE,IF(COUNTA('query (10)'!A13:AK13)<=6,"NEAR_EMPTY_ROW",""),IF($K13="","MISSING_STATUS",""),IF(AND($K13="เสร็จสิ้น",$Z13=""),"DONE_NO_ACTUAL_DATE",""),IF(AND($I13="Condition-based Maintenance",$AH13=""),"CBM_NO_MEASUREMENT",""),IF(OR($X13="",$X13=0),"INVALID_PERIOD",""),IF(AND($AA13<>"",$AB13<>"",$AB13<$AA13),"DATE_SEQUENCE_ERROR",""),IF(AND($AB13<>"",$AB13>DATE(2030,12,31)),"DATE_OUTLIER",""),IF($C13="","MISSING_QRCODE",""),IF($J13="UNKNOWN","UNKNOWN_PM_TYPE",""),IF($L13="UNKNOWN","UNKNOWN_STATUS","")) -> DONE_NO_ACTUAL_DATE | AQ13: =IF($W13="","",IF($W13>0,"YES","NO")) -> YES
... A2821: =IF('query (10)'!A2821="","",'query (10)'!A2821) -> 3084 | B2821: =IF('query (10)'!B2821="","",'query (10)'!B2821) | C2821: =TRIM(UPPER('query (10)'!M2821)) -> GR-922 | D2821: =TRIM(UPPER(IFERROR(_xlfn.TEXTBEFORE('query (10)'!L2821,"("),'query (10)'!L2821))) -> OUTER RING RACEWAY GRINDING M/C | E2821: =IFERROR(TRIM(UPPER(_xlfn.TEXTBEFORE(_xlfn.TEXTAFTER('query (10)'!L2821,"("),")"))),"") | F2821: =TRIM('query (10)'!K2821) -> WP Grinding3 | G2821: =IF('query (10)'!J2821="","",'query (10)'!J2821) -> AG | H2821: =TRIM(UPPER('query (10)'!J2821)) -> AG | I2821: =IF('query (10)'!F2821="","",'query (10)'!F2821) -> Time-based Maintenance | J2821: =IF('query (10)'!F2821="","",IFERROR(INDEX(Cleaning_Rules!$B$14:$B$17,MATCH(TRIM('query (10)'!F2821),Cleaning_Rules!$A$14:$A$17,0)),"UNKNOWN")) -> TBM | K2821: =IF('query (10)'!G2821="","",'query (10)'!G2821) -> แผนใหม่ | L2821: =IF('query (10)'!G2821="","MISSING",IFERROR(INDEX(Cleaning_Rules!$B$5:$B$10,MATCH(TRIM('query (10)'!G2821),Cleaning_Rules!$A$5:$A$10,0)),"UNKNOWN")) -> NEW_PLAN | M2821: =IF('query (10)'!I2821="","",'query (10)'!I2821) -> Mechanical | N2821: =IF('query (10)'!O2821="","",'query (10)'!O2821) -> Part Change | O2821: =IF('query (10)'!P2821="","",'query (10)'!P2821) -> Medium | P2821: =IF('query (10)'!N2821="","",'query (10)'!N2821) -> Out chute plate มีรอยสึกหรอ เวลาที่ชิ้นงานโหลดออกมา ทำให้ชิ้นงานติดขัด | Q2821: =TRIM('query (10)'!N2821) -> Out chute plate มีรอยสึกหรอ เวลาที่ชิ้นงานโหลดออกมา ทำให้ชิ้นงานติดขัด | R2821: =TRIM(UPPER('query (10)'!R2821)) | S2821: =TRIM(UPPER('query (10)'!S2821)) | T2821: =IF('query (10)'!Q2821="","",TRIM(UPPER('query (10)'!Q2821))) | U2821: =IF('query (10)'!T2821="","",'query (10)'!T2821) | V2821: =IF('query (10)'!T2821="","",IFERROR(VALUE('query (10)'!T2821),"")) | W2821: =IF('query (10)'!U2821="","",'query (10)'!U2821) -> 0 | X2821: =IF('query (10)'!V2821="","",'query (10)'!V2821) -> 0 | Y2821: =IF('query (10)'!W2821="","",'query (10)'!W2821) -> 46203 | Z2821: =IF('query (10)'!X2821="","",'query (10)'!X2821) | AA2821: =IF('query (10)'!Y2821="","",'query (10)'!Y2821) -> 46203 | AB2821: =IF('query (10)'!Z2821="","",'query (10)'!Z2821) -> 46203 | AC2821: =IF(OR('query (10)'!AA2821="",COUNTIF(Cleaning_Rules!$A$21:$A$26,TRIM('query (10)'!AA2821))>0),"",TRIM('query (10)'!AA2821)) | AD2821: =IF('query (10)'!AB2821="","",TRIM(IFERROR(_xlfn.TEXTBEFORE('query (10)'!AB2821,"("),'query (10)'!AB2821))) | AE2821: =IFERROR(LOWER(TRIM(_xlfn.TEXTBEFORE(_xlfn.TEXTAFTER('query (10)'!AB2821,"("),")"))),"") | AF2821: =IF('query (10)'!AD2821="","",TRIM('query (10)'!AD2821)) -> เจษฎา ผิวบาง | AG2821: =IF('query (10)'!AE2821="","",TRIM('query (10)'!AE2821)) -> เจษฎา ผิวบาง | AH2821: =IF('query (10)'!AF2821="","",IFERROR(VALUE('query (10)'!AF2821),"")) | AI2821: =IF('query (10)'!AG2821="","",TRIM('query (10)'!AG2821)) | AJ2821: =IF('query (10)'!AH2821="","",IFERROR(VALUE('query (10)'!AH2821),"")) | AK2821: =IF('query (10)'!AI2821="","",TRIM('query (10)'!AI2821)) | AL2821: =IF($Y2821="","",YEAR($Y2821)) -> 2026 | AM2821: =IF($Y2821="","",TEXT($Y2821,"yyyy-mm")) -> 2026-06 | AN2821: =IF(OR($AB2821="",$L2821="COMPLETED"),"",IF($AB2821<TODAY(),"OVERDUE","ON_SCHEDULE")) -> OVERDUE | AO2821: =_xlfn.TEXTJOIN(" | ",TRUE,$C2821,$D2821,$E2821,$F2821,$H2821,$I2821,$M2821,$N2821,$O2821,$Q2821,$R2821,$S2821,$T2821,$AC2821,$AD2821,$AG2821) -> GR-922 | OUTER RING RACEWAY GRINDING M/C | WP Grinding3 | AG | Time-based Maintenance | Mechanical | Part Change | Medium | Out chute plate มีรอยสึกหรอ เวลาที่ชิ้นงานโหลดออกมา ทำให้ชิ้นงานติดขัด | เจษฎา ผิวบาง | AP2821: =_xlfn.TEXTJOIN("; ",TRUE,IF(COUNTA('query (10)'!A2821:AK2821)<=6,"NEAR_EMPTY_ROW",""),IF($K2821="","MISSING_STATUS",""),IF(AND($K2821="เสร็จสิ้น",$Z2821=""),"DONE_NO_ACTUAL_DATE",""),IF(AND($I2821="Condition-based Maintenance",$AH2821=""),"CBM_NO_MEASUREMENT",""),IF(OR($X2821="",$X2821=0),"INVALID_PERIOD",""),IF(AND($AA2821<>"",$AB2821<>"",$AB2821<$AA2821),"DATE_SEQUENCE_ERROR",""),IF(AND($AB2821<>"",$AB2821>DATE(2030,12,31)),"DATE_OUTLIER",""),IF($C2821="","MISSING_QRCODE",""),IF($J2821="UNKNOWN","UNKNOWN_PM_TYPE",""),IF($L2821="UNKNOWN","UNKNOWN_STATUS","")) -> INVALID_PERIOD | AQ2821: =IF($W2821="","",IF($W2821>0,"YES","NO")) -> NO

Sheet Data_Readiness
A1: รายงานความพร้อมของข้อมูล — PM PLAN (แผนการทำ PM)
A2: แหล่งข้อมูล: ชีต 'query (10)' / ตาราง Table_query__10 (SharePoint List Export) — สแกนครบทุกแถว ไม่ได้สุ่มตัวอย่าง
A4: 1. ภาพรวม / Overview
A5: จำนวนแถวข้อมูล (rows) | B5: =ROWS(Table_query__10[]) -> 2820
A6: จำนวนคอลัมน์ (columns) | B6: =COLUMNS(Table_query__10[]) -> 37
A7: ID ไม่ซ้ำ (unique key) | B7: {=IF(SUMPRODUCT(1/COUNTIF(Table_query__10[ID],Table_query__10[ID]))=ROWS(Table_query__10[]),"✅ ไม่ซ้ำ 100% — ใช้เป็น primary key ได้","❌ พบค่าซ้ำ")} -> ✅ ไม่ซ้ำ 100% — ใช้เป็น primary key ได้
A8: จำนวนเครื่องจักร (QRCODE ไม่ซ้ำ) | B8: QRCODE เป็นรหัสเครื่อง จึงซ้ำได้ตามปกติ (เช่น GR-241 = 26 แถว) — ห้ามใช้เป็นคีย์
A9: มูลค่าอะไหล่รวม (Cost) | B9: =SUM(Table_query__10[Cost]) -> 881217.16
A10: แถวที่มี Cost > 0 | B10: =COUNTIF(Table_query__10[Cost],">0") -> 115
A11: งานที่ปิดแล้ว (StatusItems = เสร็จสิ้น) | B11: =COUNTIF(Table_query__10[StatusItems],"เสร็จสิ้น") -> 1851
A12: ช่วงวันที่ LastPMDate | B12: =TEXT(MIN(Table_query__10[LastPMDate]),"dd/mm/yyyy")&" ถึง "&TEXT(MAX(Table_query__10[LastPMDate]),"dd/mm/yyyy") -> 27/01/2024 ถึง 29/04/2029
A13: ช่วงวันที่ NextPMDate | B13: =TEXT(MIN(Table_query__10[NextPMDate]),"dd/mm/yyyy")&" ถึง "&TEXT(MAX(Table_query__10[NextPMDate]),"dd/mm/yyyy") -> 02/11/2024 ถึง 21/05/2086
A15: 2. โปรไฟล์รายคอลัมน์ / Per-column profile
A16: คอลัมน์ | B16: มีค่า | C16: ว่าง | D16: % ที่กรอก | E16: ค่าที่ต่างกัน | F16: สถานะ | G16: เหตุผล / สิ่งที่พบ
A17: ID | B17: =COUNTA(INDEX(Table_query__10[],0,MATCH($A17,Table_query__10[#Headers],0))) -> 2820 | C17: =ROWS(Table_query__10[])-B17 -> 0 | D17: =B17/ROWS(Table_query__10[]) -> 1 | E17: 2820 | F17: ✅ | G17: ไม่ซ้ำทุกแถว ใช้เป็น primary key ได้
A18: Ref_ID_Work01 | B18: =COUNTA(INDEX(Table_query__10[],0,MATCH($A18,Table_query__10[#Headers],0))) -> 1985 | C18: =ROWS(Table_query__10[])-B18 -> 835 | D18: =B18/ROWS(Table_query__10[]) -> 0.70390071 | E18: 1985 | F18: ⚠️ | G18: ว่าง 835 แถว — เชื่อมกับใบแจ้งซ่อมได้เพียงบางส่วน
A19: Ref_Part_Change_ID | B19: =COUNTA(INDEX(Table_query__10[],0,MATCH($A19,Table_query__10[#Headers],0))) -> 0 | C19: =ROWS(Table_query__10[])-B19 -> 2820 | D19: =B19/ROWS(Table_query__10[]) -> 0 | E19: 0 | F19: ❌ | G19: ว่าง 100% — ไม่มีข้อมูล ควรตัดออก
A20: Ref_Tool_Life_ID | B20: =COUNTA(INDEX(Table_query__10[],0,MATCH($A20,Table_query__10[#Headers],0))) -> 0 | C20: =ROWS(Table_query__10[])-B20 -> 2820 | D20: =B20/ROWS(Table_query__10[]) -> 0 | E20: 0 | F20: ❌ | G20: ว่าง 100% — ไม่มีข้อมูล ควรตัดออก
A21: Ref_PM_History_ID | B21: =COUNTA(INDEX(Table_query__10[],0,MATCH($A21,Table_query__10[#Headers],0))) -> 0 | C21: =ROWS(Table_query__10[])-B21 -> 2820 | D21: =B21/ROWS(Table_query__10[]) -> 0 | E21: 0 | F21: ❌ | G21: ว่าง 100% — ไม่มีข้อมูล ควรตัดออก
A22: PM_Type | B22: =COUNTA(INDEX(Table_query__10[],0,MATCH($A22,Table_query__10[#Headers],0))) -> 2817 | C22: =ROWS(Table_query__10[])-B22 -> 3 | D22: =B22/ROWS(Table_query__10[]) -> 0.99893617 | E22: 4 | F22: ✅ | G22: 4 ประเภท: TBM 2,469 / CBM 301 / UBM 29 / PdM 18 (ว่าง 3)
A23: StatusItems | B23: =COUNTA(INDEX(Table_query__10[],0,MATCH($A23,Table_query__10[#Headers],0))) -> 2768 | C23: =ROWS(Table_query__10[])-B23 -> 52 | D23: =B23/ROWS(Table_query__10[]) -> 0.98156028 | E23: 6 | F23: ⚠️ | G23: ว่าง 52 แถว; ค่าไทย 6 แบบ ควร map เป็นรหัสอังกฤษด้วย
A24: SectionResponse | B24: =COUNTA(INDEX(Table_query__10[],0,MATCH($A24,Table_query__10[#Headers],0))) -> 2817 | C24: =ROWS(Table_query__10[])-B24 -> 3 | D24: =B24/ROWS(Table_query__10[]) -> 0.99893617 | E24: 1 | F24: ❌ | G24: ค่าเดียวทั้งตาราง (Preventive Maintenance) — ไม่มีประโยชน์ในการวิเคราะห์
A25: TypeWork | B25: =COUNTA(INDEX(Table_query__10[],0,MATCH($A25,Table_query__10[#Headers],0))) -> 2817 | C25: =ROWS(Table_query__10[])-B25 -> 3 | D25: =B25/ROWS(Table_query__10[]) -> 0.99893617 | E25: 2 | F25: ✅ | G25: Mechanical 1,754 / Electrical 1,063 (ว่าง 3)
A26: PositionName | B26: =COUNTA(INDEX(Table_query__10[],0,MATCH($A26,Table_query__10[#Headers],0))) -> 2817 | C26: =ROWS(Table_query__10[])-B26 -> 3 | D26: =B26/ROWS(Table_query__10[]) -> 0.99893617 | E26: 70 | F26: ⚠️ | G26: มีช่องว่างหน้า/หลังข้อความ 320 แถว ทำให้จัดกลุ่มผิด
A27: LineLocation | B27: =COUNTA(INDEX(Table_query__10[],0,MATCH($A27,Table_query__10[#Headers],0))) -> 2817 | C27: =ROWS(Table_query__10[])-B27 -> 3 | D27: =B27/ROWS(Table_query__10[]) -> 0.99893617 | E27: 37 | F27: ✅ | G27: 37 ไลน์ ค่าสะอาด ใช้จัดกลุ่มได้ทันที
A28: MachineName | B28: =COUNTA(INDEX(Table_query__10[],0,MATCH($A28,Table_query__10[#Headers],0))) -> 2817 | C28: =ROWS(Table_query__10[])-B28 -> 3 | D28: =B28/ROWS(Table_query__10[]) -> 0.99893617 | E28: >200 | F28: ⚠️ | G28: ชื่อยาว บางแถวมีรหัสเครื่องใน () เช่น (GR-716) ควรแยกออก
A29: QRCODE | B29: =COUNTA(INDEX(Table_query__10[],0,MATCH($A29,Table_query__10[#Headers],0))) -> 2801 | C29: =ROWS(Table_query__10[])-B29 -> 19 | D29: =B29/ROWS(Table_query__10[]) -> 0.99326241 | E29: >200 | F29: ⚠️ | G29: ว่าง 19 แถว; ซ้ำได้ตามปกติ (1 เครื่องมีหลายรายการ PM)
A30: Items | B30: =COUNTA(INDEX(Table_query__10[],0,MATCH($A30,Table_query__10[#Headers],0))) -> 2817 | C30: =ROWS(Table_query__10[])-B30 -> 3 | D30: =B30/ROWS(Table_query__10[]) -> 0.99893617 | E30: >200 | F30: ⚠️ | G30: มีช่องว่างหน้า/หลัง 1,119 แถว; ข้อความใน () เป็นสเปกจริง ไม่ควรลบ
A31: Action | B31: =COUNTA(INDEX(Table_query__10[],0,MATCH($A31,Table_query__10[#Headers],0))) -> 2817 | C31: =ROWS(Table_query__10[])-B31 -> 3 | D31: =B31/ROWS(Table_query__10[]) -> 0.99893617 | E31: 6 | F31: ✅ | G31: Inspection 1,209 / Part Change 1,131 / Cleaning 368 / อื่น ๆ
A32: Priority | B32: =COUNTA(INDEX(Table_query__10[],0,MATCH($A32,Table_query__10[#Headers],0))) -> 2820 | C32: =ROWS(Table_query__10[])-B32 -> 0 | D32: =B32/ROWS(Table_query__10[]) -> 1 | E32: 4 | F32: ✅ | G32: Medium 2,663 / Important 133 / Low 18 / Urgent 6
A33: Spare_ID | B33: =COUNTA(INDEX(Table_query__10[],0,MATCH($A33,Table_query__10[#Headers],0))) -> 32 | C33: =ROWS(Table_query__10[])-B33 -> 2788 | D33: =B33/ROWS(Table_query__10[]) -> 0.011347518 | E33: 15 | F33: ❌ | G33: ว่าง 2,788 แถว (98.9%) — วิเคราะห์อะไหล่จากคอลัมน์นี้ไม่ได้
A34: PartName | B34: =COUNTA(INDEX(Table_query__10[],0,MATCH($A34,Table_query__10[#Headers],0))) -> 1063 | C34: =ROWS(Table_query__10[])-B34 -> 1757 | D34: =B34/ROWS(Table_query__10[]) -> 0.37695035 | E34: 87 | F34: ⚠️ | G34: ว่าง 1,757 แถว (62%) + ช่องว่างหน้า/หลัง 31 แถว
A35: Model | B35: =COUNTA(INDEX(Table_query__10[],0,MATCH($A35,Table_query__10[#Headers],0))) -> 1008 | C35: =ROWS(Table_query__10[])-B35 -> 1812 | D35: =B35/ROWS(Table_query__10[]) -> 0.35744681 | E35: >200 | F35: ⚠️ | G35: ว่าง 1,812 แถว (64%); ข้อความใน () ปนกันทั้งสเปกและหมายเหตุ
A36: Qty | B36: =COUNTA(INDEX(Table_query__10[],0,MATCH($A36,Table_query__10[#Headers],0))) -> 505 | C36: =ROWS(Table_query__10[])-B36 -> 2315 | D36: =B36/ROWS(Table_query__10[]) -> 0.17907801 | E36: 4 | F36: ❌ | G36: เก็บเป็นข้อความ 505 แถว (บวก/รวมไม่ได้) และมีค่า 0 อยู่ 25 แถว
A37: Cost | B37: =COUNTA(INDEX(Table_query__10[],0,MATCH($A37,Table_query__10[#Headers],0))) -> 2820 | C37: =ROWS(Table_query__10[])-B37 -> 0 | D37: =B37/ROWS(Table_query__10[]) -> 1 | E37: 35 | F37: ⚠️ | G37: 2,705 แถว (96%) เป็น 0 — วิเคราะห์ต้นทุนได้เฉพาะ 115 แถว
A38: PeriodDay | B38: =COUNTA(INDEX(Table_query__10[],0,MATCH($A38,Table_query__10[#Headers],0))) -> 2813 | C38: =ROWS(Table_query__10[])-B38 -> 7 | D38: =B38/ROWS(Table_query__10[]) -> 0.99751773 | E38: 45 | F38: ⚠️ | G38: มีค่า 0 วัน 102 แถว และว่าง 7 แถว — รอบ PM ไม่สมเหตุสมผล
A39: PlanMonth | B39: =COUNTA(INDEX(Table_query__10[],0,MATCH($A39,Table_query__10[#Headers],0))) -> 2817 | C39: =ROWS(Table_query__10[])-B39 -> 3 | D39: =B39/ROWS(Table_query__10[]) -> 0.99893617 | E39: >200 | F39: ✅ | G39: เป็นวันที่จริง (m/d/yyyy) ครบ 2,817 แถว
A40: ActualMonth | B40: =COUNTA(INDEX(Table_query__10[],0,MATCH($A40,Table_query__10[#Headers],0))) -> 1571 | C40: =ROWS(Table_query__10[])-B40 -> 1249 | D40: =B40/ROWS(Table_query__10[]) -> 0.5570922 | E40: 47 | F40: ⚠️ | G40: ว่าง 1,249 แถว — งานที่ยังไม่ทำจริง (สอดคล้องกับสถานะบางส่วน)
A41: LastPMDate | B41: =COUNTA(INDEX(Table_query__10[],0,MATCH($A41,Table_query__10[#Headers],0))) -> 2790 | C41: =ROWS(Table_query__10[])-B41 -> 30 | D41: =B41/ROWS(Table_query__10[]) -> 0.9893617 | E41: >200 | F41: ⚠️ | G41: ว่าง 30 แถว; มีวันที่อนาคตถึง 29/04/2029 ซึ่งขัดกับความหมาย 'ครั้งล่าสุด'
A42: NextPMDate | B42: =COUNTA(INDEX(Table_query__10[],0,MATCH($A42,Table_query__10[#Headers],0))) -> 2803 | C42: =ROWS(Table_query__10[])-B42 -> 17 | D42: =B42/ROWS(Table_query__10[]) -> 0.99397163 | E42: >200 | F42: ⚠️ | G42: ว่าง 17 แถว; มีค่าผิดปกติถึงปี 2086 (คีย์ผิด)
A43: Remark1 | B43: =COUNTA(INDEX(Table_query__10[],0,MATCH($A43,Table_query__10[#Headers],0))) -> 216 | C43: =ROWS(Table_query__10[])-B43 -> 2604 | D43: =B43/ROWS(Table_query__10[]) -> 0.076595745 | E43: 47 | F43: ⚠️ | G43: ว่าง 2,604 แถว (92%); มี '-' เป็นค่าหลอก 10 แถว
A44: Remark2 | B44: =COUNTA(INDEX(Table_query__10[],0,MATCH($A44,Table_query__10[#Headers],0))) -> 1907 | C44: =ROWS(Table_query__10[])-B44 -> 913 | D44: =B44/ROWS(Table_query__10[]) -> 0.67624113 | E44: >200 | F44: ⚠️ | G44: ว่าง 913 แถว; ทุกแถวที่มีค่าฝังชื่อ+อีเมลผู้รับผิดชอบใน () ควรแยกออก
A45: UserID | B45: =COUNTA(INDEX(Table_query__10[],0,MATCH($A45,Table_query__10[#Headers],0))) -> 0 | C45: =ROWS(Table_query__10[])-B45 -> 2820 | D45: =B45/ROWS(Table_query__10[]) -> 0 | E45: 0 | F45: ❌ | G45: ว่าง 100% — ไม่มีข้อมูล ควรตัดออก
A46: Planner | B46: =COUNTA(INDEX(Table_query__10[],0,MATCH($A46,Table_query__10[#Headers],0))) -> 2817 | C46: =ROWS(Table_query__10[])-B46 -> 3 | D46: =B46/ROWS(Table_query__10[]) -> 0.99893617 | E46: 10 | F46: ✅ | G46: 10 ค่า (มี 'Automate' 1 แถว = ระบบสร้างอัตโนมัติ)
A47: Responsible | B47: =COUNTA(INDEX(Table_query__10[],0,MATCH($A47,Table_query__10[#Headers],0))) -> 2813 | C47: =ROWS(Table_query__10[])-B47 -> 7 | D47: =B47/ROWS(Table_query__10[]) -> 0.99751773 | E47: 9 | F47: ✅ | G47: 9 คน ว่าง 7 แถว
A48: CdB_Before | B48: =COUNTA(INDEX(Table_query__10[],0,MATCH($A48,Table_query__10[#Headers],0))) -> 4 | C48: =ROWS(Table_query__10[])-B48 -> 2816 | D48: =B48/ROWS(Table_query__10[]) -> 0.0014184397 | E48: 4 | F48: ❌ | G48: ว่าง 99.9% แต่มีงาน Condition-based ถึง 301 แถว — ไม่ได้บันทึกค่าที่วัด
A49: CdB_Before_Unit | B49: =COUNTA(INDEX(Table_query__10[],0,MATCH($A49,Table_query__10[#Headers],0))) -> 4 | C49: =ROWS(Table_query__10[])-B49 -> 2816 | D49: =B49/ROWS(Table_query__10[]) -> 0.0014184397 | E49: 4 | F49: ❌ | G49: ว่าง 99.9% — ตามคอลัมน์ค่าที่วัด
A50: CdB_After | B50: =COUNTA(INDEX(Table_query__10[],0,MATCH($A50,Table_query__10[#Headers],0))) -> 4 | C50: =ROWS(Table_query__10[])-B50 -> 2816 | D50: =B50/ROWS(Table_query__10[]) -> 0.0014184397 | E50: 4 | F50: ❌ | G50: ว่าง 99.9% — ไม่มีค่าหลังซ่อมให้เทียบ
A51: CdB_After_Unit | B51: =COUNTA(INDEX(Table_query__10[],0,MATCH($A51,Table_query__10[#Headers],0))) -> 4 | C51: =ROWS(Table_query__10[])-B51 -> 2816 | D51: =B51/ROWS(Table_query__10[]) -> 0.0014184397 | E51: 4 | F51: ❌ | G51: ว่าง 99.9% — ตามคอลัมน์ค่าที่วัด
A52: Item Type | B52: =COUNTA(INDEX(Table_query__10[],0,MATCH($A52,Table_query__10[#Headers],0))) -> 2820 | C52: =ROWS(Table_query__10[])-B52 -> 0 | D52: =B52/ROWS(Table_query__10[]) -> 1 | E52: 1 | F52: ❌ | G52: ค่าเดียว (Item) — metadata ของ SharePoint ตัดออกได้
A53: Path | B53: =COUNTA(INDEX(Table_query__10[],0,MATCH($A53,Table_query__10[#Headers],0))) -> 2820 | C53: =ROWS(Table_query__10[])-B53 -> 0 | D53: =B53/ROWS(Table_query__10[]) -> 1 | E53: 1 | F53: ❌ | G53: ค่าเดียว (path ของ SharePoint List) ตัดออกได้
A55: 3. สิ่งที่ต้องแก้ / Issues & Proposed fixes
A56: ระดับ | B56: ปัญหา | C56: จำนวน | D56: วิธีแก้ที่เสนอ
A57: สูง | B57: Qty เก็บเป็นข้อความ — รวม/เชี่ยไม่ได้ | C57: 505 | D57: สร้าง Qty_Clean ด้วย VALUE() เก็บเป็นตัวเลข
A58: สูง | B58: สถานะ = 'เสร็จสิ้น' แต่ ActualMonth ว่าง (ขัดกันเอง) | C58: 315 | D58: ติธง Data_Quality_Flag = 'DONE_NO_ACTUAL_DATE' — ไม่เดาวันที่ให้
A59: สูง | B59: งาน Condition-based แต่ไม่มีค่าที่วัด (CdB_Before ว่าง) | C59: 299 | D59: ติธง 'CBM_NO_MEASUREMENT' — ต้องแก้ที่ต้นทางในระบบกรอกข้อมูล
A60: สูง | B60: ช่องว่างหน้า/หลังข้อความ (Items 1,119 / PositionName 320 / PartName 31) | C60: 1477 | D60: TRIM() + UPPER() ในคอลัมน์ _Clean ทุกคอลัมน์ข้อความ
A61: กลาง | B61: PeriodDay = 0 วัน (รอบ PM เป็นไปไม่ได้) + ว่าง 7 แถว | C61: 109 | D61: ติธง 'INVALID_PERIOD' — เก็บค่าเดิมไว้ ไม่แก้เป็นค่าอื่น
A62: กลาง | B62: Remark2 ฝังชื่อ+อีเมลผู้รับผิดชอบไว้ในข้อความ | C62: 1903 | D62: แยกเป็น Responsible_Email + Remark2_Clean (ตัดอีเมลออก)
A63: กลาง | B63: คอลัมน์ว่าง 100% (Ref_Part_Change_ID, Ref_Tool_Life_ID, Ref_PM_History_ID, UserID) | C63: 4 | D63: ตัดออกจากชีตสะอาด (ต้นทางยังคงอยู่)
A64: กลาง | B64: คอลัมน์ค่าเดียว/metadata (SectionResponse, Item Type, Path) | C64: 3 | D64: ตัดออกจากชีตสะอาด — ไม่ช่วยในการวิเคราะห์
A65: กลาง | B65: แถวกึ่งว่าง (มีข้อมูล ≤ 6 ช่อง): ID 285, 295, 809 | C65: 3 | D65: ติธง 'NEAR_EMPTY_ROW' เพื่อกรองออกก่อนวิเคราะห์
A66: กลาง | B66: NextPMDate มีค่าผิดปกติเกินปี 2030 (สูงสุด 21/05/2086) | C66: =COUNTIF(Table_query__10[NextPMDate],">"&DATE(2030,12,31)) -> 119 | D66: ติธง 'DATE_OUTLIER' — น่าจะเกิดจากการคีย์ปีผิด
A67: กลาง | B67: NextPMDate ก่อน LastPMDate (ลำดับเวลาสลับ) | C67: 1 | D67: ติธง 'DATE_SEQUENCE_ERROR'
A68: ต่ำ | B68: Cost = 0 เกือบทั้งตาราง (96%) | C68: =COUNTIF(Table_query__10[Cost],0) -> 2705 | D68: เก็บไว้ตามเดิม + ติธง 'NO_COST' — ห้ามเดาต้นทุน
A69: ต่ำ | B69: Remark1 มีค่าหลอก '-' | C69: 10 | D69: แปลงเป็นค่าว่างใน Remark1_Clean
A70: ต่ำ | B70: MachineName ฝังรหัสเครื่องใน () เช่น (GR-716) | C70: 80 | D70: แยกเป็น Machine_Base_Name; ข้อความสเปกใน Items/Model ไม่ลบ
A72: 4. สรุปความพร้อม / Verdict
A73: การใช้งาน | B73: ความพร้อม | C73: หมายเหตุ
A74: วิเคราะห์แผน/ผลงาน PM (ตามไลน์/เครื่อง/ผู้รับผิดชอบ) | B74: ✅ พร้อมหลังทำความสะอาด | C74: LineLocation, PM_Type, Action, Priority, Planner, Responsible, วันที่ มีครบเกือบ 100%
A75: วิเคราะห์ต้นทุน PM | B75: ❌ ทำไม่ได้ | C75: Cost = 0 ถึง 96% และ Qty ว่าง 82% — สรุปต้นทุนจะผิดอย่างมีนัยสำคัญ
A76: วิเคราะห์อะไหล่/สต็อกอะไหล่ | B76: ❌ ทำไม่ได้ | C76: Spare_ID ว่าง 98.9% — เชื่อมกับมาสเตอร์อะไหล่ไม่ได้
A77: วิเคราะห์ค่าที่วัด (Condition-based) | B77: ❌ ทำไม่ได้ | C77: มีงาน CBM 301 แถว แต่มีค่าวัดจริงเพียง 4 แถว — ต้องเก็บค่าที่หน้างานก่อน
A78: วัด On-time rate / ความล่าช้าของแผน | B78: ⚠️ ทำได้บางส่วน | C78: มี 315 แถวที่สถานะเสร็จแต่ไม่มีวันที่ทำจริง — คำนวนจาก 2,505 แถวที่สมบูรณ์
A79: Chatbot / RAG (ถาม-ตอบเรื่องแผน PM) | B79: ✅ พร้อมหลังทำความสะอาด | C79: ต้องมีคอลัมน์ Search_Text รวมเครื่อง+งาน+ไลน์+สถานะ และ TRIM ข้อความก่อน embed
A80: เชื่อมต่อกับระบบใบแจ้งซ่อม | B80: ⚠️ ทำได้บางส่วน | C80: Ref_ID_Work01 มีค่า 1,985 แถว (70%) — อีก 835 แถวเชื่อมไม่ได้
A82: 5. การตรวจสอบชีตสะอาด / Tie-out: Clean_PM_Plan
A83: รายการตรวจ | B83: ต้นฉบับ | C83: ชีตสะอาด | D83: ผล
A84: จำนวนแถว | B84: =ROWS(Table_query__10[]) -> 2820 | C84: =ROWS(Clean_PM_Plan_Table[]) -> 2820 | D84: =IF(B84=C84,"✅ ตรงกัน","❌ ไม่ตรง") -> ✅ ตรงกัน
A85: มูลค่า Cost รวม | B85: =SUM(Table_query__10[Cost]) -> 881217.16 | C85: =SUM(Clean_PM_Plan_Table[Cost]) -> 881217.16 | D85: =IF(ROUND(B85-C85,2)=0,"✅ ตรงกัน","❌ ต่าง "&TEXT(B85-C85,"#,##0.00")) -> ✅ ตรงกัน
A86: งานเสร็จสิ้น / COMPLETED | B86: =COUNTIF(Table_query__10[StatusItems],"เสร็จสิ้น") -> 1851 | C86: =COUNTIF(Clean_PM_Plan_Table[Status_EN],"COMPLETED") -> 1851 | D86: =IF(B86=C86,"✅ ตรงกัน","❌ ไม่ตรง") -> ✅ ตรงกัน
A87: งาน Condition-based / CBM | B87: =COUNTIF(Table_query__10[PM_Type],"Condition-based Maintenance") -> 301 | C87: =COUNTIF(Clean_PM_Plan_Table[PM_Type_Code],"CBM") -> 301 | D87: =IF(B87=C87,"✅ ตรงกัน","❌ ไม่ตรง") -> ✅ ตรงกัน
A88: แถวที่มี Cost > 0 | B88: =COUNTIF(Table_query__10[Cost],">0") -> 115 | C88: =COUNTIF(Clean_PM_Plan_Table[Has_Cost],"YES") -> 115 | D88: =IF(B88=C88,"✅ ตรงกัน","❌ ไม่ตรง") -> ✅ ตรงกัน
A89: ค่าที่ map ไม่สำเร็จ (UNKNOWN) | B89: 0 | C89: =COUNTIF(Clean_PM_Plan_Table[Status_EN],"UNKNOWN")+COUNTIF(Clean_PM_Plan_Table[PM_Type_Code],"UNKNOWN") -> 0 | D89: =IF(C89=0,"✅ กฎ map ครอบทุกค่า","❌ มีค่าใหม่ ต้องเพิ่มกฎใน Cleaning_Rules") -> ✅ กฎ map ครอบทุกค่า
A90: แถวสะอาดสมบูรณ์ (Data_Quality_Flag ว่าง) | B90: =ROWS(Table_query__10[]) -> 2820 | C90: =COUNTIF(Clean_PM_Plan_Table[Data_Quality_Flag],"") -> 2072 | D90: =TEXT(C90/B90,"0.0%")&" ของทั้งหมด" -> 73.5% ของทั้งหมด
A92: ข้อจำกัด: ชีต Clean_PM_Plan ใช้สูตรอ้างอิงตรงแถวกับชีต 'query (10)' — หากมีการเพิ่มแถวใหม่ที่ต้นทาง ต้องลากสูตรลงมาให้ครบแถวด้วย

Sheet Cleaning_Rules
A1: กฎการทำความสะอาดข้อมูล / Cleaning Rules
A2: ⚠️ แก้ค่าในชีตนี้ได้เลย ชีต Clean_PM_Plan จะอัปเดตตาม — หากต้องเพิ่มกฎ ให้แทรกแถว 'ภายใน' ช่วงที่ระบุ (ห้ามพิมพ์ต่อท้ายใต้ช่วง เพราะสูตรจะไม่เห็น)
A4: บล็อก 1: StatusItems → Status_EN (ช่วงที่สูตรใช้: A5:B10)
A5: เสร็จสิ้น | B5: COMPLETED
A6: แผนใหม่ | B6: NEW_PLAN
A7: กำลังดำเนินการ | B7: IN_PROGRESS
A8: แก้ไขแผน | B8: PLAN_REVISED
A9: เลื่อนแผน | B9: POSTPONED
A10: ยกเลิกแผน | B10: CANCELLED
A13: บล็อก 2: PM_Type → PM_Type_Code (ช่วงที่สูตรใช้: A14:B17)
A14: Time-based Maintenance | B14: TBM
A15: Condition-based Maintenance | B15: CBM
A16: Usage-based Maintenance | B16: UBM
A17: Predictive Maintenance | B17: PdM
A20: บล็อก 3: ค่าหลอก/ค่าไม่ถูกต้อง → แปลงเป็นค่าว่าง (ช่วงที่สูตรใช้: A21:A26)
A21: -
A22: N/A
A23: NA
A24: TBD
A25: NULL
A26: .
A28: บล็อก 4: คำอธิบายคอลัมน์ที่สร้างใหม่ (อ่านอย่างเดียว)
A29: คอลัมน์ | B29: ตรรกะ
A30: Machine_Base_Name | B30: ชื่อเครื่องส่วนหน้าก่อนวงเล็บ ตัดช่องว่างและทำเป็นตัวพิมพ์ใหญ่
A31: Machine_Code_In_Name | B31: รหัสในวงเล็บของ MachineName เช่น (GR-716) → GR-716 (ว่างถ้าไม่มี)
A32: PM_Type_Code / Status_EN | B32: แปลงตามบล็อก 1-2; ค่าที่ไม่อยู่ในตาราง = UNKNOWN, ค่าว่างของสถานะ = MISSING
A33: Qty_Clean / CdB_*_Value | B33: VALUE() แปลงข้อความเป็นตัวเลข; แปลงไม่ได้ = ว่าง (ไม่เดาค่า)
A34: Remark2_Clean | B34: ข้อความก่อนวงเล็บอีเมล; Responsible_Email = อีเมลในวงเล็บ (ตัวพิมพ์เล็ก)
A35: Remark1_Clean | B35: ตัดค่าหลอกตามบล็อก 3 ออกเป็นค่าว่าง
A36: Plan_Year / Plan_Year_Month | B36: ดึงจาก PlanMonth เพื่อใช้ทำ pivot รายปี/รายเดือน
A37: Is_Overdue | B37: NextPMDate < วันนี้ และสถานะยังไม่ COMPLETED → OVERDUE (งานที่ปิดแล้วเว้นว่าง)
A38: Search_Text | B38: รวมข้อความสำคัญไว้ 1 ช่องด้วย TEXTJOIN สำหรับป้อนเข้า chatbot / vector search
A39: Data_Quality_Flag | B39: ป้ายปัญหาคั่นด้วย ';' — ว่าง = แถวสะอาด กรองด้วยค่าว่างได้เลย

Sheet query (10)
A1: ID | B1: Ref_ID_Work01 | C1: Ref_Part_Change_ID | D1: Ref_Tool_Life_ID | E1: Ref_PM_History_ID | F1: PM_Type | G1: StatusItems | H1: SectionResponse | I1: TypeWork | J1: PositionName | K1: LineLocation | L1: MachineName | M1: QRCODE | N1: Items | O1: Action | P1: Priority | Q1: Spare_ID | R1: PartName | S1: Model | T1: Qty | U1: Cost | V1: PeriodDay | W1: PlanMonth | X1: ActualMonth | Y1: LastPMDate | Z1: NextPMDate | AA1: Remark1 | AB1: Remark2 | AC1: UserID | AD1: Planner | AE1: Responsible | AF1: CdB_Before | AG1: CdB_Before_Unit | AH1: CdB_After | AI1: CdB_After_Unit | AJ1: Item Type | AK1: Path
A2: 2 | F2: Condition-based Maintenance | G2: แก้ไขแผน | H2: Preventive Maintenance | I2: Mechanical | J2: Work Head | K2: MCB3 | L2: Outer ring raceway grinding machine. | M2: GR-721 | N2: High Velocity Vibration of Work head unit 5.00 mm/s | O2: Measure | P2: Urgent | U2: 0 | W2: 45902 | X2: 45902 | AD2: เจษฎา ผิวบาง | AJ2: Item | AK2: sites/ao-nbmt-portal_classic/en-mt/Lists/Preventive_Maintenance_Plan
A3: 3 | F3: Usage-based Maintenance | G3: เลื่อนแผน | H3: Preventive Maintenance | I3: Mechanical | J3: Work Head | K3: MCB3 | L3: Outer ring raceway grinding machine. | M3: GR-721 | N3: Change belt of 5000 hr | O3: Part Change | P3: Urgent | R3: BELT | S3: 5M580 | T3: 1 | U3: 570 | W3: 45902 | X3: 45902 | Z3: 45932 | AA3: รออะไหล่ | AD3: เจษฎา ผิวบาง | AJ3: Item | AK3: sites/ao-nbmt-portal_classic/en-mt/Lists/Preventive_Maintenance_Plan
A4: 6 | F4: Predictive Maintenance | G4: แก้ไขแผน | H4: Preventive Maintenance | I4: Mechanical | J4: Work Head | K4: MCB3 | L4: Outer ring raceway grinding machine. | M4: GR-721 | N4: AI Alert!! Extra work high temperature of work head motor | O4: Inspection | P4: Urgent | U4: 0 | W4: 45902 | X4: 45902 | AD4: Automate | AJ4: Item | AK4: sites/ao-nbmt-portal_classic/en-mt/Lists/Preventive_Maintenance_Plan
A5: 7 | F5: Predictive Maintenance | G5: แก้ไขแผน | H5: Preventive Maintenance | I5: Mechanical | J5: Work Head | K5: MCB3 | L5: Outer ring raceway grinding machine. | M5: GR-721 | N5: Reduce motor speed by 10% to extend service life. | O5: Adjust | P5: Medium | U5: 0 | W5: 45902 | X5: 45902 | AD5: เจษฎา ผิวบาง | AJ5: Item | AK5: sites/ao-nbmt-portal_classic/en-mt/Lists/Preventive_Maintenance_Plan
A6: 15 | B6: 17222 | F6: Time-based Maintenance | G6: เสร็จสิ้น | H6: Preventive Maintenance | I6: Electrical | J6: Dresser | K6: BWD2 | L6: Outer ring raceway super finish M/C | M6: GR-150 | N6: Check rotation dresser sensor | O6: Inspection | P6: Medium | T6: 1 | U6: 0 | V6: 90 | W6: 45919 | X6: 46090 | Y6: 46090 | Z6: 46180 | AB6: เริ่มซ่อมงาน PM แล้ว รับผิดชอบโดย NATDANAI JUTHATHEP (juthathep-n-4697@nsk.com) เมื่อ 2026-02-17 15:29 | AD6: ปิยะพงษ์ ทองแสน | AE6: ณัฐดนัย จุฑาเทพ | AJ6: Item | AK6: sites/ao-nbmt-portal_classic/en-mt/Lists/Preventive_Maintenance_Plan
A7: 16 | F7: Time-based Maintenance | G7: เสร็จสิ้น | H7: Preventive Maintenance | I7: Mechanical | J7: Dresser | K7: BWD2 | L7: Outer ring raceway super finish M/C | M7: GR-150 | N7: Check belt dresser | O7: Inspection | P7: Important | T7: 1 | U7: 0 | V7: 90 | W7: 45919 | Y7: 45883 | Z7: 45973 | AD7: ปิยะพงษ์ ทองแสน | AE7: ณัฐดนัย จุฑาเทพ | AJ7: Item | AK7: sites/ao-nbmt-portal_classic/en-mt/Lists/Preventive_Maintenance_Plan
A8: 17 | B8: 17223 | F8: Time-based Maintenance | G8: เสร็จสิ้น | H8: Preventive Maintenance | I8: Mechanical | J8: Dresser | K8: BWD2 | L8: Outer ring raceway super finish M/C | M8: GR-150 | N8: Check accuracy of dresser unit | O8: Measure | P8: Urgent | T8: 1 | U8: 0 | V8: 90 | W8: 45919 | X8: 46031 | Y8: 46031 | Z8: 46121 | AB8: เริ่มซ่อมงาน PM แล้ว รับผิดชอบโดย PAHLA SEEDANG (pahla@nsk.com) เมื่อ 2026-01-09 18:08 | AD8: ปิยะพงษ์ ทองแสน | AE8: ณัฐดนัย จุฑาเทพ | AJ8: Item | AK8: sites/ao-nbmt-portal_classic/en-mt/Lists/Preventive_Maintenance_Plan
A9: 19 | F9: Time-based Maintenance | G9: แก้ไขแผน | H9: Preventive Maintenance | I9: Electrical | J9: Wheel Head | K9: BWD1 | L9: Inner ring raceway grinding M/C | M9: GR-062 | N9: ตรวจสอบสายพาน Wheel head | O9: Inspection | P9: Medium | Q9: MTMC-1441 | R9: WHEEL LUBRICATION TANK | S9: 09-1020-0700-001C | T9: 1 | U9: 77600 | V9: 180 | W9: 45931 | Y9: 45931 | Z9: 46111 | AD9: ปิยะพงษ์ ทองแสน | AE9: ปิยะพงษ์ ทองแสน | AJ9: Item | AK9: sites/ao-nbmt-portal_classic/en-mt/Lists/Preventive_Maintenance_Plan
A10: 20 | F10: Time-based Maintenance | G10: แก้ไขแผน | H10: Preventive Maintenance | I10: Electrical | J10: Transfer | K10: BWD1 | L10: Inner ring raceway grinding M/C | M10: GR-062 | N10: ตรวจสอบเซ็นเซอร์ Up down | O10: Inspection | P10: Important | Q10: MTEE-0725 | R10: SENSOR | S10: D-M9BAL | T10: 1 | U10: 797.64 | V10: 180 | W10: 45932 | Y10: 45932 | Z10: 46112 | AD10: อัมรินทร์ รักษาพล | AE10: พงษ์พิทักษ์ ศรไชย | AJ10: Item | AK10: sites/ao-nbmt-portal_classic/en-mt/Lists/Preventive_Maintenance_Plan
A11: 21 | F11: Time-based Maintenance | G11: เสร็จสิ้น | H11: Preventive Maintenance | I11: Mechanical | J11: Conveyor | K11: MCB3 | L11: Outer ring raceway grinding machine. | M11: GR-721 | N11: High Velocity Vibration of Work head unit 5.00 mm/s | O11: Measure | P11: Urgent | Q11: MTEE-0003 | R11: ACCELERROMETER | S11: 7201-50 | T11: 1 | U11: 48000 | V11: 60 | W11: 45902 | Y11: 45931 | Z11: 45991 | AA11: test | AD11: ภูชิต กุลเสรี | AE11: จักรภัทร โคตรสมบัติ | AJ11: Item | AK11: sites/ao-nbmt-portal_classic/en-mt/Lists/Preventive_Maintenance_Plan
A12: 22 | F12: Time-based Maintenance | G12: เสร็จสิ้น | H12: Preventive Maintenance | I12: Electrical | J12: Conveyor | K12: BWD2 | L12: Outer ring raceway super finish M/C | M12: GR-150 | N12: test | O12: Inspection | P12: Medium | Q12: MTEE-0014 | R12: AMP METER | S12: ACF-85P(RANGE 0-50AMP) | T12: 1 | U12: 2726.5 | V12: 60 | W12: 45933 | Y12: 45902 | Z12: 45962 | AA12: test | AD12: ปิยะพงษ์ ทองแสน | AE12: ปิยะพงษ์ ทองแสน | AJ12: Item | AK12: sites/ao-nbmt-portal_classic/en-mt/Lists/Preventive_Maintenance_Plan
A13: 23 | F13: Time-based Maintenance | G13: เสร็จสิ้น | H13: Preventive Maintenance | I13: Electrical | J13: Dresser | K13: BWD2 | L13: Outer ring raceway super finish M/C | M13: GR-150 | N13: ตรวจสอบ Dresser | O13: Inspection | P13: Medium | Q13: MTMC-1479 | R13: DRESS SPINDLE | S13: UID201 | T13: 1 | U13: 340335.66 | V13: 60 | W13: 45933 | Y13: 45902 | Z13: 45962 | AA13: tes | AD13: ปิยะพงษ์ ทองแสน | AE13: ปิยะพงษ์ ทองแสน | AJ13: Item | AK13: sites/ao-nbmt-portal_classic/en-mt/Lists/Preventive_Maintenance_Plan
A14: 24 | B14: 17193 | F14: Condition-based Maintenance | G14: กำลังดำเนินการ | H14: Preventive Maintenance | I14: Mechanical | J14: Wheel Head | K14: BWD2 | L14: Outer ring raceway super finish M/C | M14: GR-150 | N14: เปลี่ยนแบริ่งมอเตอร์ เนื่องจากค่า vibration สูง | O14: Measure | P14: Important | Q14: MTMC-0013 | R14: BEARING | S14: 6217ZZCM | T14: 2 | U14: 1295 | V14: 90 | W14: 45933 | Y14: 45936 | Z14: 46026 | AB14: เริ่มซ่อมงาน PM แล้ว รับผิดชอบโดย KUNANON PARAWANWONG (parawanwong-k-3161@nsk.com) เมื่อ 2026-01-10 19:31 | AD14: ผะหลา สีแดง | AE14: คุณานนต์ ปารวัณวงศ์ | AF14: 1.5 | AG14: mm/s | AH14: 0.9 | AI14: mm/s | AJ14: Item | AK14: sites/ao-nbmt-portal_classic/en-mt/Lists/Preventive_Maintenance_Plan
A15: 25 | F15: Usage-based Maintenance | G15: ยกเลิกแผน | H15: Preventive Maintenance | I15: Mechanical | J15: Spindle | K15: BWD2 | L15: Seal press No.2 M/C | M15: AS-170 | N15: เปลี่ยนน้ำมันเครื่องตามรอบ 5000 hr | O15: Lubrication | P15: Important | R15: Oil 46 | S15: Oil46 | T15: 1 | U15: 0 | V15: 60 | W15: 45933 | Y15: 45933 | Z15: 45993 | AD15: เจษฎา ผิวบาง | AE15: อัมรินทร์ รักษาพล | AF15: 5000 | AG15: hr | AH15: 0 | AI15: hr | AJ15: Item | AK15: sites/ao-nbmt-portal_classic/en-mt/Lists/Preventive_Maintenance_Plan
A16: 26 | F16: Predictive Maintenance | G16: แก้ไขแผน | H16: Preventive Maintenance | I16: Electrical | J16: Electrical Control | K16: BWD3 | L16: Inner ring raceway grinding machine. | M16: GR-495 | N16: ตู้ไฟฟ้าอุณหภูมิสูงเกินมาตราฐาน | O16: Inspection | P16: Urgent | T16: 1 | U16: 0 | V16: 0 | W16: 45933 | Y16: 45933 | Z16: 45933 | AD16: เจษฎา ผิวบาง | AE16: อัมรินทร์ รักษาพล | AF16: 50 | AG16: C | AH16: 30 | AI16: C | AJ16: Item | AK16: sites/ao-nbmt-portal_classic/en-mt/Lists/Preventive_Maintenance_Plan
A17: 31 | B17: 17189 | F17: Time-based Maintenance | G17: เสร็จสิ้น | H17: Preventive Maintenance | I17: Mechanical | J17: Ejector | K17: MCB1 | L17: Outer ring raceway grinding M/C | M17: GR-129 | N17: Repair Ejector unit | O17: Part Change | P17: Medium | R17: BEARING | S17: 6203DDU | T17: 2 | U17: 910 | V17: 1080 | W17: 45982 | X17: 46028 | Y17: 46028 | Z17: 47108 | AB17: เริ่มซ่อมงาน PM แล้ว รับผิดชอบโดย CHETSADA PHIWBANG (chetsada@nsk.com) เมื่อ 2026-01-06 15:47 | AD17: เจษฎา ผิวบาง | AE17: เจษฎา ผิวบาง | AJ17: Item | AK17: sites/ao-nbmt-portal_classic/en-mt/Lists/Preventive_Maintenance_Plan
A18: 33 | B18: 17190 | F18: Time-based Maintenance | G18: เสร็จสิ้น | H18: Preventive Maintenance | I18: Mechanical | J18: Ejector | K18: MCB1 | L18: Inner ring bore grinding M/C | M18: GR-122 | N18: Repair Ejector unit | O18: Part Change | P18: Medium | R18: BEARING | S18: 6203DDU | T18: 2 | U18: 455 | V18: 1080 | W18: 45982 | X18: 46028 | Y18: 46028 | Z18: 47108 | AB18: เริ่มซ่อมงาน PM แล้ว รับผิดชอบโดย CHETSADA PHIWBANG (chetsada@nsk.com) เมื่อ 2026-01-06 15:47 | AD18: เจษฎา ผิวบาง | AE18: เจษฎา ผิวบาง | AJ18: Item | AK18: sites/ao-nbmt-portal_classic/en-mt/Lists/Preventive_Maintenance_Plan
A19: 34 | B19: 17191 | F19: Time-based Maintenance | G19: เสร็จสิ้น | H19: Preventive Maintenance | I19: Mechanical | J19: Carrier | K19: MCB1 | L19: Demagnetizing for outer ring M/C | M19: DE-130 | N19: Change seal kit air cylinder carrier No.2 | O19: Part Change | P19: Medium | R19: SEAL | S19: CDQ2A40 | T19: 1 | U19: 155 | V19: 180 | W19: 45982 | X19: 46028 | Y19: 46028 | Z19: 46208 | AB19: เริ่มซ่อมงาน PM แล้ว รับผิดชอบโดย CHETSADA PHIWBANG (chetsada@nsk.com) เมื่อ 2026-01-06 16:11 | AD19: เจษฎา ผิวบาง | AE19: เจษฎา ผิวบาง | AJ19: Item | AK19: sites/ao-nbmt-portal_classic/en-mt/Lists/Preventive_Maintenance_Plan
A20: 35 | B20: 17192 | F20: Time-based Maintenance | G20: เสร็จสิ้น | H20: Preventive Maintenance | I20: Mechanical | J20: Carrier | K20: MCB1 | L20: Demagnetizing for inner ring M/C | M20: DE-124 | N20: Change seal kit air cylinder carrier No.2 | O20: Part Change | P20: Medium | R20: SEAL | S20: CDQ2A40 | T20: 1 | U20: 155 | V20: 180 | W20: 45982 | X20: 46028 | Y20: 46028 | Z20: 46208 | AB20: เริ่มซ่อมงาน PM แล้ว รับผิดชอบโดย CHETSADA PHIWBANG (chetsada@nsk.com) เมื่อ 2026-01-06 16:10 | AD20: เจษฎา ผิวบาง | AE20: เจษฎา ผิวบาง | AJ20: Item | AK20: sites/ao-nbmt-portal_classic/en-mt/Lists/Preventive_Maintenance_Plan
A21: 36 | B21: 17643 | F21: Time-based Maintenance | G21: เสร็จสิ้น | H21: Preventive Maintenance | I21: Mechanical | J21: Work head | K21: MCB1 | L21: Inner ring raceway grinding M/C | M21: GR-120 | N21: Change belt work head to cycle pm 1Y. - Belt 2/5MS-750 = 1 EA. | O21: Part Change | P21: Medium | R21: BELT | S21: 2/5MS750 | T21: 1 | U21: 994.875 | V21: 365 | W21: 46046 | Y21: 46046 | Z21: 46424 | AB21: เริ่มซ่อมงาน PM แล้ว รับผิดชอบโดย KUNANON PARAWANWONG (parawanwong-k-3161@nsk.com) เมื่อ 2026-01-24 19:21 | AD21: เจษฎา ผิวบาง | AE21: คุณานนต์ ปารวัณวงศ์ | AJ21: Item | AK21: sites/ao-nbmt-portal_classic/en-mt/Lists/Preventive_Maintenance_Plan
A22: 37 | F22: Time-based Maintenance | G22: แผนใหม่ | H22: Preventive Maintenance | I22: Mechanical | J22: Work head | K22: MCB1 | L22: Outer ring raceway super finish M/C | M22: GR-131 | N22: Repair spindle work head No.2 to cycle pm 3Y. -bearing 7207ATD-P5 -FUN05SC | O22: Part Change | P22: Medium | R22: BEARING | S22: 7207ATYNDULP5 | T22: 4 | U22: 13200 | V22: 1080 | W22: 46411 | Y22: 46411 | Z22: 47126 | AD22: เจษฎา ผิวบาง | AE22: เจษฎา ผิวบาง | AJ22: Item | AK22: sites/ao-nbmt-portal_classic/en-mt/Lists/Preventive_Maintenance_Plan
A23: 38 | F23: Time-based Maintenance | G23: แผนใหม่ | H23: Preventive Maintenance | I23: Mechanical | J23: Work head | K23: MCB1 | L23: Inner ring raceway super finish M/C | M23: GR-125 | N23: Repair spindle work head No.2 to cycle pm 3Y. -bearing 7207ATD-P5 -FUN05SC | O23: Part Change | P23: Medium | R23: BEARING | S23: 7207ATYNDULP5 | T23: 4 | U23: 13200 | V23: 1080 | W23: 46411 | Y23: 46411 | Z23: 47126 | AD23: เจษฎา ผิวบาง | AE23: เจษฎา ผิวบาง | AJ23: Item | AK23: sites/ao-nbmt-portal_classic/en-mt/Lists/Preventive_Maintenance_Plan
A24: 39 | B24: 17644 | F24: Time-based Maintenance | G24: เสร็จสิ้น | H24: Preventive Maintenance | I24: Mechanical | J24: Oil mist | K24: MCB1 | L24: Outer ring raceway grinding M/C | M24: GR-129 | N24: Cleaning venturi oil mist and check drop 20 Drop/min to cycle pm 6M. | O24: Cleaning | P24: Medium | R24: cleaning venturi oil mist | T24: 1 | U24: 0 | V24: 180 | W24: 46046 | Y24: 46046 | Z24: 46245 | AB24: เริ่มซ่อมงาน PM แล้ว รับผิดชอบโดย CHETSADA PHIWBANG (chetsada@nsk.com) เมื่อ 2026-02-10 14:03 | AD24: เจษฎา ผิวบาง | AE24: เจษฎา ผิวบาง | AJ24: Item | AK24: sites/ao-nbmt-portal_classic/en-mt/Lists/Preventive_Maintenance_Plan
A25: 40 | B25: 17646 | F25: Time-based Maintenance | G25: เสร็จสิ้น | H25: Preventive Maintenance | I25: Mechanical | J25: Oil mist | K25: MCB1 | L25: Inner ring raceway grinding M/C | M25: GR-120 | N25: Cleaning venturi oil mist and check drop 20 Drop/min to cycle pm 6M. | O25: Cleaning | P25: Medium | R25: cleaning venturi oil mist | T25: 1 | U25: 0 | V25: 180 | W25: 46046 | Y25: 46046 | Z25: 46239 | AB25: เริ่มซ่อมงาน PM แล้ว รับผิดชอบโดย KUNANON PARAWANWONG (parawanwong-k-3161@nsk.com) เมื่อ 2026-01-24 19:22 | AD25: เจษฎา ผิวบาง | AE25: คุณานนต์ ปารวัณวงศ์ | AJ25: Item | AK25: sites/ao-nbmt-portal_classic/en-mt/Lists/Preventive_Maintenance_Plan
A26: 41 | B26: 17645 | F26: Time-based Maintenance | G26: เสร็จสิ้น | H26: Preventive Maintenance | I26: Mechanical | J26: Oil mist | K26: MCB1 | L26: Inner ring bore grinding M/C | M26: GR-122 | N26: Cleaning venturi oil mist and check drop 20 Drop/min to cycle pm 6M. | O26: Cleaning | P26: Medium | R26: cleaning venturi oil mist | T26: 1 | U26: 0 | V26: 180 | W26: 46046 | Y26: 46046 | Z26: 46239 | AB26: เริ่มซ่อมงาน PM แล้ว รับผิดชอบโดย KUNANON PARAWANWONG (parawanwong-k-3161@nsk.com) เมื่อ 2026-01-24 19:21 | AD26: เจษฎา ผิวบาง | AE26: คุณานนต์ ปารวัณวงศ์ | AJ26: Item | AK26: sites/ao-nbmt-portal_classic/en-mt/Lists/Preventive_Maintenance_Plan
A27: 45 | B27: 20327 | F27: Time-based Maintenance | G27: เสร็จสิ้น | H27: Preventive Maintenance | I27: Mechanical | J27: Filter oil washing | K27: MCB2 | L27: Outer / Inner ring part wash equipment machine | M27: WA-927 | N27: Change filter oil washing to cycle pm 1Y. - 1 micron 10" = 2 EA. - 10 micron 10'' = 2 EA. | O27: Part Change | P27: Medium | Q27: MTMC-0802 | R27: FILTER | S27: 1 MICRON 10",FILTER" | T27: 2 | U27: 800 | V27: 365 | W27: 46139 | X27: 46146 | Y27: 46146 | Z27: 46511 | AB27: เริ่มซ่อมงาน PM แล้ว รับผิดชอบโดย CHETSADA PHIWBANG (chetsada@nsk.com) เมื่อ 2026-04-27 17:39 | AD27: เจษฎา ผิวบาง | AE27: เจษฎา ผิวบาง | AJ27: Item | AK27: sites/ao-nbmt-portal_classic/en-mt/Lists/Preventive_Maintenance_Plan
A28: 46 | B28: 20328 | F28: Time-based Maintenance | G28: เสร็จสิ้น | H28: Preventive Maintenance | I28: Mechanical | J28: Filter oil washing | K28: MCB2 | L28: Finish wash equipment machine. | M28: WA-295 | N28: Change filter oil washing to cycle pm 1Y. - 1 micron 10" = 2 EA. - 10 micron 10'' = 2 EA. | O28: Part Change | P28: Medium | Q28: MTMC-0802 | R28: FILTER | S28: 1 MICRON 10",FILTER" | T28: 2 | U28: 1600 | V28: 365 | W28: 46139 | X28: 46146 | Y28: 46146 | Z28: 46511 | AB28: เริ่มซ่อมงาน PM แล้ว รับผิดชอบโดย CHETSADA PHIWBANG (chetsada@nsk.com) เมื่อ 2026-04-27 17:39 | AD28: เจษฎา ผิวบาง | AE28: เจษฎา ผิวบาง | AJ28: Item | AK28: sites/ao-nbmt-portal_classic/en-mt/Lists/Preventive_Maintenance_Plan
A29: 47 | B29: 20329 | F29: Time-based Maintenance | G29: เสร็จสิ้น | H29: Preventive Maintenance | I29: Mechanical | J29: Filter oil washing | K29: MCB2 | L29: Rough washing machine. | M29: WA-440 | N29: Change filter oil washing to cycle pm 1Y. - 1 micron 10" = 2 EA. - 10 micron 10'' = 2 EA. | O29: Part Change | P29: Medium | Q29: MTMC-0802 | R29: FILTER | S29: 1 MICRON 10",FILTER" | T29: 2 | U29: 6400 | V29: 365 | W29: 46139 | X29: 46146 | Y29: 46146 | Z29: 46511 | AB29: เริ่มซ่อมงาน PM แล้ว รับผิดชอบโดย CHETSADA PHIWBANG (chetsada@nsk.com) เมื่อ 2026-04-27 17:39 | AD29: เจษฎา ผิวบาง | AE29: เจษฎา ผิวบาง | AJ29: Item | AK29: sites/ao-nbmt-portal_classic/en-mt/Lists/Preventive_Maintenance_Plan
A30: 48 | B30: 20326 | F30: Time-based Maintenance | G30: เสร็จสิ้น | H30: Preventive Maintenance | I30: Mechanical | J30: Filter oil washing | K30: MCB3 | L30: Outer / Inner ring part wash equipment machine (WA-724) | M30: WA-910 | N30: Change filter oil washing to cycle pm 1Y. - filter 1 micron 10" = 2 EA. - filter 1 micron 10" = 2 EA. | O30: Part Change | P30: Medium | Q30: MTMC-0802 | R30: FILTER | S30: 1 MICRON 10",FILTER" | T30: 2 | U30: 800 | V30: 365 | W30: 46140 | X30: 46146 | Y30: 46146 | Z30: 46511 | AB30: เริ่มซ่อมงาน PM แล้ว รับผิดชอบโดย CHETSADA PHIWBANG (chetsada@nsk.com) เมื่อ 2026-04-27 17:39 | AD30: เจษฎา ผิวบาง | AE30: เจษฎา ผิวบาง | AJ30: Item | AK30: sites/ao-nbmt-portal_classic/en-mt/Lists/Preventive_Maintenance_Plan
A31: 49 | B31: 20386 | F31: Time-based Maintenance | G31: เสร็จสิ้น | H31: Preventive Maintenance | I31: Mechanical | J31: Filter oil washing | K31: MCB3 | L31: Centrifugal deoiling machine. | M31: BL-727 | N31: Change filter oil washing to cycle pm 1Y. - filter 1 micron 10" = 2 EA. - filter 1 micron 10" = 2 EA. | O31: Part Change | P31: Medium | Q31: MTMC-0802 | R31: FILTER | S31: 1 MICRON 10",FILTER" | T31: 2 | U31: 800 | V31: 365 | W31: 46140 | X31: 46154 | Y31: 46154 | Z31: 46519 | AB31: เริ่มซ่อมงาน PM แล้ว รับผิดชอบโดย CHETSADA PHIWBANG (chetsada@nsk.com) เมื่อ 2026-05-05 17:23 | AD31: เจษฎา ผิวบาง | AE31: เจษฎา ผิวบาง | AJ31: Item | AK31: sites/ao-nbmt-portal_classic/en-mt/Lists/Preventive_Maintenance_Plan
A32: 50 | B32: 20399 | F32: Time-based Maintenance | G32: เสร็จสิ้น | H32: Preventive Maintenance | I32: Mechanical | J32: Filter oil washing | K32: MCB3 | L32: Finish wash equipment machine. | M32: WA-548 | N32: Replace filter oil washing according to the 1Y. pm schedule. - filter 1 micron 10" = 2 EA. - filter 1 micron 10" = 2 EA. | O32: Part Change | P32: Medium | Q32: MTMC-0802 | R32: FILTER | S32: 1 MICRON 10",FILTER" | T32: 2 | U32: 800 | V32: 365 | W32: 46113 | X32: 46154 | Y32: 46154 | Z32: 46519 | AB32: เริ่มซ่อมงาน PM แล้ว รับผิดชอบโดย CHETSADA PHIWBANG (chetsada@nsk.com) เมื่อ 2026-05-05 17:23 | AD32: เจษฎา ผิวบาง | AE32: เจษฎา ผิวบาง | AJ32: Item | AK32: sites/ao-nbmt-portal_classic/en-mt/Lists/Preventive_Maintenance_Plan
A33: 54 | B33: 18755 | F33: Time-based Maintenance | G33: เสร็จสิ้น | H33: Preventive Maintenance | I33: Mechanical | J33: Ejector | K33: MCB2 | L33: Outer ring raceway grinding machine. | M33: GR-431 | N33: Repair ejector unit to cycle pm 3Y. -Bearing 6203DDU = 2 EA. -Seal VC22425 = 2 EA. | O33: Part Change | P33: Medium | R33: BEARING | S33: 6203DDU | T33: 2 | U33: 113.75 | V33: 1080 | W33: 46048 | Y33: 46048 | Z33: 47175 | AB33: เริ่มซ่อมงาน PM แล้ว รับผิดชอบโดย PUCHIT KULSEREE (puchit@nsk.com) เมื่อ 2026-03-12 14:44 | AD33: เจษฎา ผิวบาง | AE33: ภูชิต กุลเสรี | AJ33: Item | AK33: sites/ao-nbmt-portal_classic/en-mt/Lists/Preventive_Maintenance_Plan
A34: 55 | B34: 18754 | F34: Time-based Maintenance | G34: เสร็จสิ้น | H34: Preventive Maintenance | I34: Mechanical | J34: Ejector | K34: MCB2 | L34: Inner ring bore grinding machine. (GR-426) | M34: GR-926 | N34: Repair ejector unit to cycle pm 3Y. -Bearing 6203DDU = 2 EA. -Seal VC22425 = 2 EA. | O34: Part Change | P34: Medium | R34: BEARING | S34: 6203DDU | T34: 2 | U34: 113.75 | V34: 1080 | W34: 46048 | Y34: 46048 | Z34: 47167 | AB34: เริ่มซ่อมงาน PM แล้ว รับผิดชอบโดย PAHLA SEEDANG (pahla@nsk.com) เมื่อ 2026-02-28 19:18 | AD34: เจษฎา ผิวบาง | AE34: ผะหลา สีแดง | AJ34: Item | AK34: sites/ao-nbmt-portal_classic/en-mt/Lists/Preventive_Maintenance_Plan
A35: 56 | B35: 18613 | F35: Time-based Maintenance | G35: เสร็จสิ้น | H35: Preventive Maintenance | I35: Mechanical | J35: Ejector | K35: MCB3 | L35: Outer ring raceway grinding machine. | M35: GR-721 | N35: Repair ejector unit to cycle pm 3Y. -Bearing 6203DDU = 2 EA. -Seal VC22425 = 2 EA. | O35: Part Change | P35: Medium | R35: BEARING | S35: 6203DDU | T35: 2 | U35: 113.75 | V35: 1080 | W35: 46077 | X35: 46087 | Y35: 46087 | Z35: 47167 | AB35: เริ่มซ่อมงาน PM แล้ว รับผิดชอบโดย JAKKAPAT KHOTSOMBAT (jakkapat@nsk.com) เมื่อ 2026-02-25 14:40 | AD35: เจษฎา ผิวบาง | AE35: จักรภัทร โคตรสมบัติ | AJ35: Item | AK35: sites/ao-nbmt-portal_classic/en-mt/Lists/Preventive_Maintenance_Plan
A36: 57 | B36: 18614 | F36: Time-based Maintenance | G36: เสร็จสิ้น | H36: Preventive Maintenance | I36: Mechanical | J36: Ejector | K36: MCB3 | L36: Inner ring bore grinding machine. (GR-716) | M36: GR-925 | N36: Repair ejector unit to cycle pm 3Y. -Bearing 6203DDU = 2 EA. -Seal VC22425 = 2 EA. | O36: Part Change | P36: Medium | R36: BEARING | S36: 6203DDU | T36: 2 | U36: 113.75 | V36: 1080 | W36: 46077 | X36: 46087 | Y36: 46087 | Z36: 47167 | AB36: เริ่มซ่อมงาน PM แล้ว รับผิดชอบโดย PUCHIT KULSEREE (puchit@nsk.com) เมื่อ 2026-02-27 08:08 | AD36: เจษฎา ผิวบาง | AE36: ภูชิต กุลเสรี | AJ36: Item | AK36: sites/ao-nbmt-portal_classic/en-mt/Lists/Preventive_Maintenance_Plan
A37: 58 | F37: Time-based Maintenance | G37: แผนใหม่ | H37: Preventive Maintenance | I37: Mechanical | J37: Work head | K37: MCB2 | L37: Outer ring raceway super finish machine. | M37: GR-434 | N37: Repair spindle work head No.2 to cycle pm 3Y. -bearing 7207ATD-P5 -FUN05SC | O37: Part Change | P37: Medium | R37: BEARING | S37: 7207ATYNDULP5 | T37: 4 | U37: 52800 | V37: 1080 | W37: 46413 | Y37: 46413 | Z37: 47128 | AD37: เจษฎา ผิวบาง | AE37: เจษฎา ผิวบาง | AJ37: Item | AK37: sites/ao-nbmt-portal_classic/en-mt/Lists/Preventive_Maintenance_Plan
A38: 59 | F38: Time-based Maintenance | G38: แผนใหม่ | H38: Preventive Maintenance | I38: Mechanical | J38: Work head | K38: MCB2 | L38: Inner ring raceway super finish machine. | M38: GR-428 | N38: Repair spindle work head No.2 to cycle pm 3Y. -bearing 7207ATD-P5 -FUN05SC | O38: Part Change | P38: Medium | R38: BEARING | S38: 7207ATYNDULP5 | T38: 4 | U38: 211200 | V38: 1080 | W38: 46413 | Y38: 46413 | Z38: 47128 | AD38: เจษฎา ผิวบาง | AE38: เจษฎา ผิวบาง | AJ38: Item | AK38: sites/ao-nbmt-portal_classic/en-mt/Lists/Preventive_Maintenance_Plan
A39: 63 | B39: 17717 | F39: Time-based Maintenance | G39: เสร็จสิ้น | H39: Preventive Maintenance | I39: Mechanical | J39: Work head | K39: MCB2 | L39: Inner ring raceway grinding machine. | M39: GR-424 | N39: Change belt work head to cycle pm 1Y. - Belt 2/5MS-750 = 1 EA. | O39: Part Change | P39: Medium | R39: BELT | S39: 2/5MS750 | T39: 1 | U39: 994.875 | V39: 365 | W39: 46048 | Y39: 46048 | Z39: 46424 | AB39: เริ่มซ่อมงาน PM แล้ว รับผิดชอบโดย JAKKAPAT KHOTSOMBAT (jakkapat@nsk.com) เมื่อ 2026-01-28 15:58 | AD39: เจษฎา ผิวบาง | AE39: จักรภัทร โคตรสมบัติ | AJ39: Item | AK39: sites/ao-nbmt-portal_classic/en-mt/Lists/Preventive_Maintenance_Plan
A40: 64 | B40: 18617 | F40: Time-based Maintenance | G40: เสร็จสิ้น | H40: Preventive Maintenance | I40: Mechanical | J40: Work head | K40: MCB3 | L40: Inner ring raceway grinding machine. | M40: GR-715 | N40: Change belt work head to cycle pm 1Y. - belt 2/5MS-750 = 1 EA. | O40: Part Change | P40: Medium | R40: BELT | S40: 2/5MS750 | T40: 1 | U40: 994.875 | V40: 365 | W40: 46049 | Y40: 46049 | Z40: 46414 | AB40: เริ่มซ่อมงาน PM แล้ว รับผิดชอบโดย KUNANON PARAWANWONG (parawanwong-k-3161@nsk.com) เมื่อ 2026-02-25 15:58 | AD40: เจษฎา ผิวบาง | AE40: คุณานนต์ ปารวัณวงศ์ | AJ40: Item | AK40: sites/ao-nbmt-portal_classic/en-mt/Lists/Preventive_Maintenance_Plan
A41: 65 | B41: 17718 | F41: Time-based Maintenance | G41: เสร็จสิ้น | H41: Preventive Maintenance | I41: Mechanical | J41: Carrier | K41: MCB2 | L41: Demagnetizing for outer ring machine. | M41: DE-433 | N41: Change seal kit air cylinder carrier No.2 to cycle pm 6M. - Seal kit CDQ2A40 (SMC) = 1 EA. | O41: Part Change | P41: Medium | R41: SEAL | S41: CDQ2A40 | T41: 1 | U41: 155 | V41: 180 | W41: 46048 | Y41: 46048 | Z41: 46239 | AB41: เริ่มซ่อมงาน PM แล้ว รับผิดชอบโดย PUCHIT KULSEREE (puchit@nsk.com) เมื่อ 2026-01-27 08:26 | AD41: เจษฎา ผิวบาง | AE41: ภูชิต กุลเสรี | AJ41: Item | AK41: sites/ao-nbmt-portal_classic/en-mt/Lists/Preventive_Maintenance_Plan
A42: 66 | B42: 17719 | F42: Time-based Maintenance | G42: เสร็จสิ้น | H42: Preventive Maintenance | I42: Mechanical | J42: Carrier | K42: MCB2 | L42: Demagnetizing for inner ring machine. | M42: DE-427 | N42: Change seal kit air cylinder carrier No.2 to cycle pm 6M. - Seal kit CDQ2A40 (SMC) = 1 EA. | O42: Part Change | P42: Medium | R42: SEAL | S42: CDQ2A40 | T42: 1 | U42: 155 | V42: 180 | W42: 46048 | Y42: 46048 | Z42: 46239 | AB42: เริ่มซ่อมงาน PM แล้ว รับผิดชอบโดย PAHLA SEEDANG (pahla@nsk.com) เมื่อ 2026-01-27 08:29 | AD42: เจษฎา ผิวบาง | AE42: ผะหลา สีแดง | AJ42: Item | AK42: sites/ao-nbmt-portal_classic/en-mt/Lists/Preventive_Maintenance_Plan
A43: 67 | B43: 18616 | F43: Time-based Maintenance | G43: เสร็จสิ้น | H43: Preventive Maintenance | I43: Mechanical | J43: Carrier | K43: MCB3 | L43: Demagnetizing for outer ring machine. | M43: DE-722 | N43: Change seal kit air cylinder carrier No.2 to cycle pm 6M. - seal kit CDQ2A40 = 1 EA. | O43: Part Change | P43: Medium | R43: SEAL | S43: CDQ2A40 | T43: 1 | U43: 155 | V43: 180 | W43: 46049 | Y43: 46049 | Z43: 46267 | AB43: เริ่มซ่อมงาน PM แล้ว รับผิดชอบโดย PAHLA SEEDANG (pahla@nsk.com) เมื่อ 2026-02-28 16:40 | AD43: เจษฎา ผิวบาง | AE43: ผะหลา สีแดง | AJ43: Item | AK43: sites/ao-nbmt-portal_classic/en-mt/Lists/Preventive_Maintenance_Plan
A44: 68 | B44: 18615 | F44: Time-based Maintenance | G44: เสร็จสิ้น | H44: Preventive Maintenance | I44: Mechanical | J44: Carrier | K44: MCB3 | L44: Demagnetizing for inner ring machine. | M44: DE-717 | N44: Change seal kit air cylender carrier No.2 to cycle pm 6M. - seal kit CDQ2A40 = 1 EA. | O44: Part Change | P44: Medium | R44: SEAL | S44: CDQ2A40 | T44: 1 | U44: 155 | V44: 180 | W44: 46049 | Y44: 46049 | Z44: 46267 | AB44: เริ่มซ่อมงาน PM แล้ว รับผิดชอบโดย PAHLA SEEDANG (pahla@nsk.com) เมื่อ 2026-02-28 16:40 | AD44: เจษฎา ผิวบาง | AE44: ผะหลา สีแดง | AJ44: Item | AK44: sites/ao-nbmt-portal_classic/en-mt/Lists/Preventive_Maintenance_Plan
A45: 69 | B45: 17720 | F45: Time-based Maintenance | G45: เสร็จสิ้น | H45: Preventive Maintenance | I45: Mechanical | J45: Oil mist | K45: MCB2 | L45: Outer ring raceway grinding machine. | M45: GR-431 | N45: Cleaning venturi oil mist and check drop 20 Drop/min to cycle 6M. | O45: Cleaning | P45: Medium | R45: cleaning venturi oil mist | T45: 1 | U45: 0 | V45: 180 | W45: 46048 | Y45: 46048 | Z45: 46239 | AB45: เริ่มซ่อมงาน PM แล้ว รับผิดชอบโดย PUCHIT KULSEREE (puchit@nsk.com) เมื่อ 2026-01-27 08:26 | AD45: เจษฎา ผิวบาง | AE45: ภูชิต กุลเสรี | AJ45: Item | AK45: sites/ao-nbmt-portal_classic/en-mt/Lists/Preventive_Maintenance_Plan
A46: 70 | B46: 17721 | F46: Time-based Maintenance | G46: เสร็จสิ้น | H46: Preventive Maintenance | I46: Mechanical | J46: Oil mist | K46: MCB2 | L46: Inner ring raceway grinding machine. | M46: GR-424 | N46: Cleaning venturi oil mist and check drop 20 Drop/min to cycle 6M. | O46: Cleaning | P46: Medium | R46: cleaning venturi oil mist | T46: 1 | U46: 0 | V46: 180 | W46: 46048 | Y46: 46048 | Z46: 46239 | AB46: เริ่มซ่อมงาน PM แล้ว รับผิดชอบโดย JAKKAPAT KHOTSOMBAT (jakkapat@nsk.com) เมื่อ 2026-01-28 15:58 | AD46: เจษฎา ผิวบาง | AE46: จักรภัทร โคตรสมบัติ | AJ46: Item | AK46: sites/ao-nbmt-portal_classic/en-mt/Lists/Preventive_Maintenance_Plan
A47: 71 | B47: 17722 | F47: Time-based Maintenance | G47: เสร็จสิ้น | H47: Preventive Maintenance | I47: Mechanical | J47: Oil mist | K47: MCB2 | L47: Inner ring bore grinding machine. (GR-426) | M47: GR-926 | N47: Cleaning venturi oil mist and check drop 20 Drop/min to cycle 6M. | O47: Cleaning | P47: Medium | R47: cleaning venturi oil mist | T47: 1 | U47: 0 | V47: 180 | W47: 46048 | Y47: 46048 | Z47: 46239 | AB47: เริ่มซ่อมงาน PM แล้ว รับผิดชอบโดย PAHLA SEEDANG (pahla@nsk.com) เมื่อ 2026-01-27 08:28 | AD47: เจษฎา ผิวบาง | AE47: ผะหลา สีแดง | AJ47: Item | AK47: sites/ao-nbmt-portal_classic/en-mt/Lists/Preventive_Maintenance_Plan
A48: 72 | F48: Time-based Maintenance | G48: เสร็จสิ้น | H48: Preventive Maintenance | I48: Mechanical | J48: Oil mist | K48: MCB3 | L48: Outer ring raceway grinding machine. | M48: GR-721 | N48: Cleaning venturi oil mist and check drop 20 Drop/min to cycle pm 1Y. | O48: Cleaning | P48: Medium | R48: cleaning venturi oil mist | T48: 1 | U48: 0 | V48: 180 | W48: 46049 | Y48: 45983 | Z48: 46163 | AD48: เจษฎา ผิวบาง | AE48: เจษฎา ผิวบาง | AJ48: Item | AK48: sites/ao-nbmt-portal_classic/en-mt/Lists/Preventive_Maintenance_Plan
A49: 73 | F49: Time-based Maintenance | G49: เสร็จสิ้น | H49: Preventive Maintenance | I49: Mechanical | J49: Oil mist | K49: MCB3 | L49: Inner ring raceway grinding machine. | M49: GR-715 | N49: Cleaning venturi oil mist and check drop 20 Drop/min to cycle pm 1Y. | O49: Cleaning | P49: Medium | R49: cleaning venturi oil mist | T49: 1 | U49: 0 | V49: 180 | W49: 46049 | Y49: 45983 | Z49: 46163 | AD49: เจษฎา ผิวบาง | AE49: เจษฎา ผิวบาง | AJ49: Item | AK49: sites/ao-nbmt-portal_classic/en-mt/Lists/Preventive_Maintenance_Plan
A50: 74 | F50: Time-based Maintenance | G50: เสร็จสิ้น | H50: Preventive Maintenance | I50: Mechanical | J50: Oil mist | K50: MCB3 | L50: Inner ring bore grinding machine. (GR-716) | M50: GR-925 | N50: Cleaning venturi oil mist and check drop 20 Drop/min to cycle pm 1Y. | O50: Cleaning | P50: Medium | R50: cleaning venturi oil mist | T50: 1 | U50: 0 | V50: 180 | W50: 46049 | Y50: 45983 | Z50: 46163 | AD50: เจษฎา ผิวบาง | AE50: เจษฎา ผิวบาง | AJ50: Item | AK50: sites/ao-nbmt-portal_classic/en-mt/Lists/Preventive_Maintenance_Plan
A51: 75 | F51: Time-based Maintenance | G51: แก้ไขแผน | H51: Preventive Maintenance | I51: Mechanical | J51: Ejector | K51: WP Grinding1 | L51: Outer ring raceway grinding M/C | M51: GR-241 | N51: Repair ejector unit | O51: Part Change | P51: Medium | R51: BEARING | S51: 6203DDU | T51: 2 | U51: 113.75 | V51: 1080 | W51: 45988 | Y51: 45988 | Z51: 47068 | AD51: เจษฎา ผิวบาง | AE51: เจษฎา ผิวบาง | AJ51: Item | AK51: sites/ao-nbmt-portal_classic/en-mt/Lists/Preventive_Maintenance_Plan
A52: 76 | F52: Time-based Maintenance | G52: แก้ไขแผน | H52: Preventive Maintenance | I52: Mechanical | J52: Ejector | K52: WP Grinding2 | L52: Outer ring raceway grinding machine. | M52: GR-423 | N52: Repair ejector unit | O52: Part Change | P52: Medium | R52: BEARING | S52: 6203DDU | T52: 2 | U52: 113.75 | V52: 1080 | W52: 45989 | Y52: 45989 | Z52: 47069 | AD52: เจษฎา ผิวบาง | AE52: เจษฎา ผิวบาง | AJ52: Item | AK52: sites/ao-nbmt-portal_classic/en-mt/Lists/Preventive_Maintenance_Plan
A53: 77 | F53: Time-based Maintenance | G53: แก้ไขแผน | H53: Preventive Maintenance | I53: Mechanical | J53: Ejector | K53: WP Grinding3 | L53: Outer ring raceway grinding M/C | M53: GR-922 | N53: Repair ejector unit | O53: Part Change | P53: Medium | R53: BEARING | S53: 6203DDU | T53: 2 | U53: 113.75 | V53: 1080 | W53: 45990 | Y53: 45990 | Z53: 47070 | AD53: เจษฎา ผิวบาง | AE53: เจษฎา ผิวบาง | AJ53: Item | AK53: sites/ao-nbmt-portal_classic/en-mt/Lists/Preventive_Maintenance_Plan
A54: 79 | B54: 17141 | F54: Time-based Maintenance | G54: เสร็จสิ้น | H54: Preventive Maintenance | I54: Mechanical | J54: Carrier | K54: WP Grinding1 | L54: Shaft front O.D.grinding machine. | M54: GR-420 | N54: Change linear guide carrier L-R | O54: Part Change | P54: Medium | R54: Linear guide | S54: NS250820ALC2PCZ=A/Z | T54: 2 | U54: 0 | V54: 1080 | W54: 45988 | Y54: 46049 | Z54: 47139 | AB54: เริ่มซ่อมงาน PM แล้ว รับผิดชอบโดย CHETSADA PHIWBANG (chetsada@nsk.com) เมื่อ 2026-01-07 16:01 | AD54: เจษฎา ผิวบาง | AE54: เจษฎา ผิวบาง | AJ54: Item | AK54: sites/ao-nbmt-portal_classic/en-mt/Lists/Preventive_Maintenance_Plan
A55: 81 | F55: Time-based Maintenance | G55: แก้ไขแผน | H55: Preventive Maintenance | I55: Mechanical | J55: Carrier | K55: WP Grinding1 | L55: Rear O.D. Grinding M/C | M55: GR-238 | N55: Change linear guide carrier L-R | O55: Part Change | P55: Medium | R55: Linear guide | S55: NS250820ALC2PCZ=A/Z | T55: 2 | U55: 0 | V55: 1080 | W55: 45988 | Y55: 45988 | Z55: 47068 | AD55: เจษฎา ผิวบาง | AE55: เจษฎา ผิวบาง | AJ55: Item | AK55: sites/ao-nbmt-portal_classic/en-mt/Lists/Preventive_Maintenance_Plan
A56: 82 | F56: Time-based Maintenance | G56: แก้ไขแผน | H56: Preventive Maintenance | I56: Mechanical | J56: Carrier | K56: WP Grinding2 | L56: Shaft rear O.D. Grinding M/C | M56: GR-237 | N56: Change linear guide carrier L-R | O56: Part Change | P56: Medium | R56: Linear guide | S56: NS250820ALC2PCZ=A/Z | T56: 2 | U56: 0 | V56: 1080 | W56: 45989 | Y56: 45989 | Z56: 47069 | AD56: เจษฎา ผิวบาง | AE56: เจษฎา ผิวบาง | AJ56: Item | AK56: sites/ao-nbmt-portal_classic/en-mt/Lists/Preventive_Maintenance_Plan
A57: 83 | F57: Time-based Maintenance | G57: แก้ไขแผน | H57: Preventive Maintenance | I57: Mechanical | J57: Carrier | K57: WP Grinding2 | L57: Shaft front O.D.grinding machine. | M57: GR-419 | N57: Change linear guide carrier L-R | O57: Part Change | P57: Medium | R57: Linear guide | S57: NS250820ALC2PCZ=A/Z | T57: 1 | U57: 0 | V57: 1080 | W57: 45989 | Y57: 45989 | Z57: 47069 | AD57: เจษฎา ผิวบาง | AE57: เจษฎา ผิวบาง | AJ57: Item | AK57: sites/ao-nbmt-portal_classic/en-mt/Lists/Preventive_Maintenance_Plan
A58: 84 | F58: Time-based Maintenance | G58: แก้ไขแผน | H58: Preventive Maintenance | I58: Mechanical | J58: Transfer | K58: WP Grinding3 | L58: Shaft outer daimeter grinding M/C | M58: GR-918 | N58: Repair mid shifter unit | O58: Part Change | P58: Medium | R58: Bush bearing | S58: PSSFAM20-552-F22-B19-P8-T22-S19-Q8 | T58: 1 | U58: 0 | V58: 720 | W58: 45990 | Y58: 45990 | Z58: 46710 | AD58: เจษฎา ผิวบาง | AE58: เจษฎา ผิวบาง | AJ58: Item | AK58: sites/ao-nbmt-portal_classic/en-mt/Lists/Preventive_Maintenance_Plan
A59: 85 | F59: Time-based Maintenance | G59: แก้ไขแผน | H59: Preventive Maintenance | I59: Mechanical | J59: Belt | K59: WP Grinding3 | L59: Shaft outer daimeter grinding M/C | M59: GR-918 | N59: Change belt mid shifter | O59: Part Change | P59: Medium | R59: BELT | S59: S5M295 10MM. | T59: 1 | U59: 421.665 | V59: 360 | W59: 45990 | Y59: 45990 | Z59: 46350 | AD59: เจษฎา ผิวบาง | AE59: เจษฎา ผิวบาง | AJ59: Item | AK59: sites/ao-nbmt-portal_classic/en-mt/Lists/Preventive_Maintenance_Plan
A60: 86 | F60: Time-based Maintenance | G60: แก้ไขแผน | H60: Preventive Maintenance | I60: Mechanical | J60: Filter | K60: WP Grinding1 | L60: Part washing M/C | M60: WA-1061 | N60: Change filter air smoker | O60: Part Change | P60: Medium | R60: Filter | S60: GAF-1000 | T60: 1 | U60: 0 | V60: 360 | W60: 45988 | Y60: 45988 | Z60: 46348 | AD60: เจษฎา ผิวบาง | AE60: เจษฎา ผิวบาง | AJ60: Item | AK60: sites/ao-nbmt-portal_classic/en-mt/Lists/Preventive_Maintenance_Plan
A61: 87 | F61: Time-based Maintenance | G61: แก้ไขแผน | H61: Preventive Maintenance | I61: Mechanical | J61: Filter | K61: WP Grinding2 | L61: Part washing M/C | M61: WA-1019 | N61: Change filter air smoker | O61: Part Change | P61: Medium | R61: Filter | S61: GAF-1000 | T61: 1 | U61: 0 | V61: 360 | W61: 45989 | Y61: 45989 | Z61: 46349 | AD61: เจษฎา ผิวบาง | AE61: เจษฎา ผิวบาง | AJ61: Item | AK61: sites/ao-nbmt-portal_classic/en-mt/Lists/Preventive_Maintenance_Plan
A62: 88 | F62: Time-based Maintenance | G62: แก้ไขแผน | H62: Preventive Maintenance | I62: Mechanical | J62: Filter | K62: WP Grinding3 | L62: Part washing G2 m/c | M62: WA-988 | N62: Change filter air smoker | O62: Part Change | P62: Medium | R62: Filter | S62: GAF-1000 | T62: 1 | U62: 0 | V62: 360 | W62: 45990 | Y62: 45990 | Z62: 46350 | AD62: เจษฎา ผิวบาง | AE62: เจษฎา ผิวบาง | AJ62: Item | AK62: sites/ao-nbmt-portal_classic/en-mt/Lists/Preventive_Maintenance_Plan
A63: 89 | F63: Time-based Maintenance | G63: แก้ไขแผน | H63: Preventive Maintenance | I63: Mechanical | J63: Carrier | K63: WP Grinding3 | L63: Shaft outer daimeter grinding M/C | M63: GR-918 | N63: Repair carrier transfer Inlet transfer L-R | O63: Part Change | P63: Medium | R63: Belt | S63: S5M-15-4000 | T63: 1 | U63: 0 | V63: 720 | W63: 45990 | Y63: 45990 | Z63: 46710 | AD63: เจษฎา ผิวบาง | AE63: เจษฎา ผิวบาง | AJ63: Item | AK63: sites/ao-nbmt-portal_classic/en-mt/Lists/Preventive_Maintenance_Plan
A64: 90 | B64: 17188 | F64: Time-based Maintenance | G64: เสร็จสิ้น | H64: Preventive Maintenance | I64: Mechanical | J64: Filter | K64: MCB1 | L64: Auto antirust machine | M64: AR-1020 | N64: Change filter smoker | O64: Part Change | P64: Medium | R64: Filter | S64: GAF-1000 | T64: 1 | U64: 0 | V64: 360 | W64: 45982 | X64: 46028 | Y64: 46028 | Z64: 46388 | AB64: เริ่มซ่อมงาน PM แล้ว รับผิดชอบโดย CHETSADA PHIWBANG (chetsada@nsk.com) เมื่อ 2026-01-06 15:48 | AD64: เจษฎา ผิวบาง | AE64: เจษฎา ผิวบาง | AJ64: Item | AK64: sites/ao-nbmt-portal_classic/en-mt/Lists/Preventive_Maintenance_Plan
A65: 91 | B65: 17255 | F65: Time-based Maintenance | G65: เสร็จสิ้น | H65: Preventive Maintenance | I65: Mechanical | J65: Filter | K65: MCB2 | L65: Auto antriust m/c | M65: AR-978 | N65: Change filter smoker to cycle pm 3Y. -filter GAF-1000 = 1 EA. | O65: Part Change | P65: Medium | R65: Filter | S65: GAF-1000 | T65: 1 | U65: 0 | V65: 1080 | W65: 45975 | X65: 46031 | Y65: 46031 | Z65: 47111 | AB65: เริ่มซ่อมงาน PM แล้ว รับผิดชอบโดย CHETSADA PHIWBANG (chetsada@nsk.com) เมื่อ 2026-01-07 16:00 | AD65: เจษฎา ผิวบาง | AE65: เจษฎา ผิวบาง | AJ65: Item | AK65: sites/ao-nbmt-portal_classic/en-mt/Lists/Preventive_Maintenance_Plan
A66: 92 | F66: Time-based Maintenance | G66: เสร็จสิ้น | H66: Preventive Maintenance | I66: Mechanical | J66: Lubricant | K66: KWD2 | L66: Outer ring raceway grinding machine | M66: GR-265 | N66: Change Filter Oil Lubricant Cleaning Filter Oil Pump Lubricant Check and Change Oil Lubricant | O66: Lubrication | P66: Medium | R66: FILTER | S66: EP910-010N | T66: 1 | U66: 295 | V66: 360 | W66: 45962 | Y66: 45962 | Z66: 46322 | AD66: คุณานนต์ ปารวัณวงศ์ | AE66: คุณานนต์ ปารวัณวงศ์ | AJ66: Item | AK66: sites/ao-nbmt-portal_classic/en-mt/Lists/Preventive_Maintenance_Plan
A67: 95 | F67: Time-based Maintenance | G67: เสร็จสิ้น | H67: Preventive Maintenance | I67: Mechanical | J67: Lubricant | K67: KWD2 | L67: Inner ring raceway grinding machine | M67: GR-250 | N67: Change Filter Oil Lubricant Cleaning Filter Oil Pump Lubricant Check and Change Oil Lubricant | O67: Inspection | P67: Medium | R67: FILTER | S67: EP910-010N | T67: 1 | U67: 295 | V67: 360 | W67: 45945 | Y67: 45962 | Z67: 46322 | AD67: คุณานนต์ ปารวัณวงศ์ | AE67: เจษฎา ผิวบาง | AJ67: Item | AK67: sites/ao-nbmt-portal_classic/en-mt/Lists/Preventive_Maintenance_Plan
A68: 96 | F68: Time-based Maintenance | G68: เสร็จสิ้น | H68: Preventive Maintenance | I68: Mechanical | J68: Lubricant | K68: KWD2 | L68: Inner ring rib grinding machine | M68: GR-253 | N68: Change Filter Oil Lubricant Cleaning Filter Oil Pump Lubricant Check and Change Oil Lubricant | O68: Inspection | P68: Medium | R68: FILTER | S68: EP910-010N | T68: 1 | U68: 295 | V68: 360 | W68: 45945 | Y68: 45962 | Z68: 46322 | AD68: คุณานนต์ ปารวัณวงศ์ | AE68: เจษฎา ผิวบาง | AJ68: Item | AK68: sites/ao-nbmt-portal_classic/en-mt/Lists/Preventive_Maintenance_Plan
A69: 97 | F69: Time-based Maintenance | G69: เสร็จสิ้น | H69: Preventive Maintenance | I69: Mechanical | J69: Lubricant | K69: KWD2 | L69: Inner ring bore grinding machine | M69: GR-254 | N69: Change Filter Oil Lubricant Cleaning Filter Oil Pump Lubricant Check and Change Oil Lubricant | O69: Inspection | P69: Medium | R69: FILTER | S69: EP910-010N | T69: 1 | U69: 295 | V69: 360 | W69: 45945 | Y69: 45962 | Z69: 46322 | AD69: คุณานนต์ ปารวัณวงศ์ | AE69: คุณานนต์ ปารวัณวงศ์ | AJ69: Item | AK69: sites/ao-nbmt-portal_classic/en-mt/Lists/Preventive_Maintenance_Plan
A70: 98 | F70: Time-based Maintenance | G70: เสร็จสิ้น | H70: Preventive Maintenance | I70: Mechanical | J70: Lubricant | K70: KWD3 | L70: Outer ring raceway grinding machine | M70: GR-351 | N70: Change Filter Oil Lubricant Cleaning Filter Oil Pump Lubricant Check and Change Oil Lubricant | O70: Inspection | P70: Medium | R70: FILTER | S70: EP910-010N | T70: 1 | U70: 295 | V70: 360 | W70: 45964 | Y70: 45964 | Z70: 46324 | AD70: คุณานนต์ ปารวัณวงศ์ | AE70: เจษฎา ผิวบาง | AJ70: Item | AK70: sites/ao-nbmt-portal_classic/en-mt/Lists/Preventive_Maintenance_Plan
A71: 99 | F71: Time-based Maintenance | G71: เสร็จสิ้น | H71: Preventive Maintenance | I71: Mechanical | J71: Lubricant | K71: KWD3 | L71: Inner ring raceway grinding machine | M71: GR-336 | N71: Change Filter Oil Lubricant Cleaning Filter Oil Pump Lubricant Check and Change Oil Lubricant | O71: Inspection | P71: Medium | R71: FILTER | S71: EP910-010N | T71: 1 | U71: 295 | V71: 360 | W71: 45964 | Y71: 45964 | Z71: 46324 | AD71: คุณานนต์ ปารวัณวงศ์ | AE71: ภูชิต กุลเสรี | AJ71: Item | AK71: sites/ao-nbmt-portal_classic/en-mt/Lists/Preventive_Maintenance_Plan
A72: 100 | F72: Time-based Maintenance | G72: เสร็จสิ้น | H72: Preventive Maintenance | I72: Mechanical | J72: Lubricant | K72: KWD3 | L72: Inner ring rib grinding machine | M72: GR-339 | N72: Change Filter Oil Lubricant Cleaning Filter Oil Pump Lubricant Check and Change Oil Lubricant | O72: Inspection | P72: Medium | R72: FILTER | S72: EP910-010N | T72: 1 | U72: 295 | V72: 360 | W72: 45964 | Y72: 45964 | Z72: 46324 | AD72: คุณานนต์ ปารวัณวงศ์ | AE72: จักรภัทร โคตรสมบัติ | AJ72: Item | AK72: sites/ao-nbmt-portal_classic/en-mt/Lists/Preventive_Maintenance_Plan
A73: 101 | F73: Time-based Maintenance | G73: เสร็จสิ้น | H73: Preventive Maintenance | I73: Mechanical | J73: Lubricant | K73: KWD3 | L73: Inner ring bore grinding machine | M73: GR-340 | N73: Change Filter Oil Lubricant Cleaning Filter Oil Pump Lubricant Check and Change Oil Lubricant | O73: Inspection | P73: Medium | R73: FILTER | S73: EP910-010N | T73: 1 | U73: 295 | V73: 360 | W73: 45964 | Y73: 45964 | Z73: 46324 | AD73: คุณานนต์ ปารวัณวงศ์ | AE73: คุณานนต์ ปารวัณวงศ์ | AJ73: Item | AK73: sites/ao-nbmt-portal_classic/en-mt/Lists/Preventive_Maintenance_Plan
A74: 102 | F74: Time-based Maintenance | G74: เสร็จสิ้น | H74: Preventive Maintenance | I74: Mechanical | J74: Lubricant | K74: KWD4 | L74: Outer ring raceway grinding machine | M74: GR-473 | N74: Change Filter Oil Lubricant Cleaning Filter Oil Pump Lubricant Check and Change Oil Lubricant | O74: Inspection | P74: Medium | R74: FILTER | S74: EP910-010N | T74: 1 | U74: 295 | V74: 360 | W74: 45965 | Y74: 45965 | Z74: 45960 | AD74: คุณานนต์ ปารวัณวงศ์ | AE74: ภูชิต กุลเสรี | AJ74: Item | AK74: sites/ao-nbmt-portal_classic/en-mt/Lists/Preventive_Maintenance_Plan
A75: 103 | F75: Time-based Maintenance | G75: เสร็จสิ้น | H75: Preventive Maintenance | I75: Mechanical | J75: Lubricant | K75: KWD4 | L75: Inner ring raceway grinding machine | M75: GR-458 | N75: Change Filter Oil Lubricant Cleaning Filter Oil Pump Lubricant Check and Change Oil Lubricant | O75: Inspection | P75: Medium | R75: FILTER | S75: EP910-010N | T75: 1 | U75: 295 | V75: 360 | W75: 45965 | Y75: 45965 | Z75: 46325 | AD75: คุณานนต์ ปารวัณวงศ์ | AE75: จักรภัทร โคตรสมบัติ | AJ75: Item | AK75: sites/ao-nbmt-portal_classic/en-mt/Lists/Preventive_Maintenance_Plan
A76: 104 | F76: Time-based Maintenance | G76: เสร็จสิ้น | H76: Preventive Maintenance | I76: Mechanical | J76: Lubricant | K76: KWD4 | L76: Inner ring rib grinding machine | M76: GR-461 | N76: Change Filter Oil Lubricant Cleaning Filter Oil Pump Lubricant Check and Change Oil Lubricant | O76: Inspection | P76: Medium | R76: FILTER | S76: EP910-010N | T76: 1 | U76: 295 | V76: 360 | W76: 45965 | Y76: 45965 | Z76: 46325 | AD76: คุณานนต์ ปารวัณวงศ์ | AE76: จักรภัทร โคตรสมบัติ | AJ76: Item | AK76: sites/ao-nbmt-portal_classic/en-mt/Lists/Preventive_Maintenance_Plan
A77: 105 | F77: Time-based Maintenance | G77: เสร็จสิ้น | H77: Preventive Maintenance | I77: Mechanical | J77: Lubricant | K77: KWD4 | L77: Inner ring bore grinding machine | M77: GR-462 | N77: Change Filter Oil Lubricant Cleaning Filter Oil Pump Lubricant Check and Change Oil Lubricant | O77: Inspection | P77: Medium | R77: FILTER | S77: EP910-010N | T77: 1 | U77: 295 | V77: 360 | W77: 45965 | Y77: 45965 | Z77: 46325 | AD77: คุณานนต์ ปารวัณวงศ์ | AE77: เจษฎา ผิวบาง | AJ77: Item | AK77: sites/ao-nbmt-portal_classic/en-mt/Lists/Preventive_Maintenance_Plan
... A92: 127 | F92: Time-based Maintenance | G92: เสร็จสิ้น | H92: Preventive Maintenance | I92: Mechanical | J92: Lubricant | K92: BWD2 | L92: Inner ring bore grinding M/C | M92: GR-157 | N92: ซ่อมบำรุง Lubricant unit รายละเอียดดังนี้ 1.เปลี่ยน Filter Lubricant 2.เปลี่ยนน้ำมัน Lubricant 3.ทำความสะอาด Tank 4.ทำความสะอาด Filter pump | O92: Part Change | P92: Medium | R92: FILTER | S92: EP910-010N | T92: 1 | U92: 295 | V92: 365 | W92: 45968 | Y92: 45605 | Z92: 45970 | AD92: จักรภัทร โคตรสมบัติ | AE92: จักรภัทร โคตรสมบัติ | AJ92: Item | AK92: sites/ao-nbmt-portal_classic/en-mt/Lists/Preventive_Maintenance_Plan
A93: 129 | F93: Time-based Maintenance | G93: เสร็จสิ้น | H93: Preventive Maintenance | I93: Mechanical | J93: Turn Table | K93: BWD2 | L93: Ball & Cage assembly machine | M93: AS-573 | N93: เปลี่ยนกระบอกลม Turn Table และ Gripper ตามรอบ PM 3 ปี | O93: Part Change | P93: Medium | R93: Air Cylinder | S93: MHS3-40D | T93: 2 | U93: 0 | V93: 1080 | W93: 45968 | Y93: 45968 | Z93: 47048 | AA93: - กระบอกลม Turn Table Model : MSQB100R = 1 Pcs. - กระบอกลม Gripper Model : MHS3-40D = 1 Pcs. | AD93: จักรภัทร โคตรสมบัติ | AE93: จักรภัทร โคตรสมบัติ | AJ93: Item | AK93: sites/ao-nbmt-portal_classic/en-mt/Lists/Preventive_Maintenance_Plan
A94: 130 | F94: Time-based Maintenance | G94: เสร็จสิ้น | H94: Preventive Maintenance | I94: Mechanical | J94: Turn Table | K94: BWD2 | L94: Ball & Cage assembly machine | M94: AS-573 | N94: ตรวจสอบความร่วมศูนย์ระหว่าง Turn Table และชุดลำเลียง Ball | O94: Inspection | P94: Medium | T94: 1 | U94: 0 | V94: 365 | W94: 45968 | Y94: 45968 | Z94: 46333 | AD94: จักรภัทร โคตรสมบัติ | AE94: จักรภัทร โคตรสมบัติ | AJ94: Item | AK94: sites/ao-nbmt-portal_classic/en-mt/Lists/Preventive_Maintenance_Plan
A95: 131 | B95: 17198 | F95: Time-based Maintenance | G95: เสร็จสิ้น | H95: Preventive Maintenance | I95: Mechanical | J95: Turn Table | K95: BWD3 | L95: Ball & Cage assembly machine | M95: AS-574 | N95: เปลี่ยนกระบอกลม Turn Table ตามรอบ PM 3 ปี | O95: Part Change | P95: Medium | R95: Air Cylinder | S95: MHS3-40D | T95: 2 | U95: 0 | V95: 1080 | W95: 45969 | X95: 46028 | Y95: 46028 | Z95: 47108 | AA95: - กระบอกลม Turn Table Model : MSQB100R = 1 Pcs. | AB95: เริ่มซ่อมงาน PM แล้ว รับผิดชอบโดย JAKKAPAT KHOTSOMBAT (jakkapat@nsk.com) เมื่อ 2026-01-06 15:51 | AD95: จักรภัทร โคตรสมบัติ | AE95: จักรภัทร โคตรสมบัติ | AJ95: Item | AK95: sites/ao-nbmt-portal_classic/en-mt/Lists/Preventive_Maintenance_Plan
A96: 133 | B96: 17667 | F96: Time-based Maintenance | G96: เสร็จสิ้น | H96: Preventive Maintenance | I96: Mechanical | J96: Stopper Shoe | K96: HUB3-1 | L96: Shaft raceway super finish with demagnitizing machine. | M96: GR-385 | N96: Accuracy stopper shoe ตามรอบ PM 1 ปี | O96: Inspection | P96: Medium | T96: 1 | U96: 0 | V96: 360 | W96: 45971 | X96: 46059 | Y96: 46059 | Z96: 46419 | AB96: เริ่มซ่อมงาน PM แล้ว รับผิดชอบโดย JAKKAPAT KHOTSOMBAT (jakkapat@nsk.com) เมื่อ 2026-01-24 18:56 | AD96: จักรภัทร โคตรสมบัติ | AE96: จักรภัทร โคตรสมบัติ | AJ96: Item | AK96: sites/ao-nbmt-portal_classic/en-mt/Lists/Preventive_Maintenance_Plan
A97: 134 | B97: 17669 | F97: Time-based Maintenance | G97: เสร็จสิ้น | H97: Preventive Maintenance | I97: Mechanical | J97: Lubricant | K97: HUB3-1 | L97: Outer out side diameter grinding machine. | M97: GR-389 | N97: ซ่อมบำรุง Lubricant unit รายละเอียดดังนี้ 1.เปลี่ยน Filter Lubricant 2.เปลี่ยนน้ำมัน Lubricant 3.ทำความสะอาด Tank 4.ทำความสะอาด Filter pump | O97: Lubrication | P97: Medium | R97: FILTER | S97: EP910-010N | T97: 1 | U97: 295 | V97: 360 | W97: 45971 | X97: 46059 | Y97: 46059 | Z97: 46419 | AB97: เริ่มซ่อมงาน PM แล้ว รับผิดชอบโดย JAKKAPAT KHOTSOMBAT (jakkapat@nsk.com) เมื่อ 2026-01-24 18:56 | AD97: จักรภัทร โคตรสมบัติ | AE97: จักรภัทร โคตรสมบัติ | AJ97: Item | AK97: sites/ao-nbmt-portal_classic/en-mt/Lists/Preventive_Maintenance_Plan
A98: 135 | B98: 17671 | F98: Time-based Maintenance | G98: เสร็จสิ้น | H98: Preventive Maintenance | I98: Mechanical | J98: Lubricant | K98: HUB3-1 | L98: Hub3 outer ring grinding machine. | M98: GR-391 | N98: ซ่อมบำรุง Lubricant unit รายละเอียดดังนี้ 1.เปลี่ยน Filter Lubricant 2.เปลี่ยนน้ำมัน Lubricant 3.ทำความสะอาด Tank 4.ทำความสะอาด Filter pump | O98: Lubrication | P98: Medium | R98: FILTER | S98: EP910-010N | T98: 1 | U98: 295 | V98: 360 | W98: 45971 | X98: 46059 | Y98: 46059 | Z98: 46419 | AB98: เริ่มซ่อมงาน PM แล้ว รับผิดชอบโดย JAKKAPAT KHOTSOMBAT (jakkapat@nsk.com) เมื่อ 2026-01-24 18:56 | AD98: จักรภัทร โคตรสมบัติ | AE98: จักรภัทร โคตรสมบัติ | AJ98: Item | AK98: sites/ao-nbmt-portal_classic/en-mt/Lists/Preventive_Maintenance_Plan
A99: 136 | B99: 17670 | F99: Time-based Maintenance | G99: เสร็จสิ้น | H99: Preventive Maintenance | I99: Mechanical | J99: Lubricant | K99: HUB3-1 | L99: Shaft raceway grinding machine. | M99: GR-388 | N99: ซ่อมบำรุง Lubricant unit รายละเอียดดังนี้ 1.เปลี่ยน Filter Lubricant 2.เปลี่ยนน้ำมัน Lubricant 3.ทำความสะอาด Tank 4.ทำความสะอาด Filter pump | O99: Lubrication | P99: Medium | R99: FILTER | S99: EP910-010N | T99: 1 | U99: 295 | V99: 360 | W99: 45971 | X99: 46059 | Y99: 46059 | Z99: 46419 | AB99: เริ่มซ่อมงาน PM แล้ว รับผิดชอบโดย JAKKAPAT KHOTSOMBAT (jakkapat@nsk.com) เมื่อ 2026-01-24 18:56 | AD99: จักรภัทร โคตรสมบัติ | AE99: จักรภัทร โคตรสมบัติ | AJ99: Item | AK99: sites/ao-nbmt-portal_classic/en-mt/Lists/Preventive_Maintenance_Plan
A100: 137 | B100: 17672 | F100: Time-based Maintenance | G100: เสร็จสิ้น | H100: Preventive Maintenance | I100: Mechanical | J100: Lubricant | K100: HUB3-1 | L100: B1 inner ring grinding machine. | M100: GR-396 | N100: ซ่อมบำรุง Lubricant unit รายละเอียดดังนี้ 1.เปลี่ยน Filter Lubricant 2.เปลี่ยนน้ำมัน Lubricant 3.ทำความสะอาด Tank 4.ทำความสะอาด Filter pump | O100: Lubrication | P100: Medium | R100: FILTER | S100: EP910-010N | T100: 1 | U100: 295 | V100: 360 | W100: 45971 | X100: 46059 | Y100: 46059 | Z100: 46419 | AB100: เริ่มซ่อมงาน PM แล้ว รับผิดชอบโดย JAKKAPAT KHOTSOMBAT (jakkapat@nsk.com) เมื่อ 2026-01-24 18:56 | AD100: จักรภัทร โคตรสมบัติ | AE100: จักรภัทร โคตรสมบัติ | AJ100: Item | AK100: sites/ao-nbmt-portal_classic/en-mt/Lists/Preventive_Maintenance_Plan
A101: 138 | B101: 17673 | F101: Time-based Maintenance | G101: เสร็จสิ้น | H101: Preventive Maintenance | I101: Mechanical | J101: Lubricant | K101: HUB3-1 | L101: B1 inner ring bore grinding machine. | M101: GR-398 | N101: ซ่อมบำรุง Lubricant unit รายละเอียดดังนี้ 1.เปลี่ยน Filter Lubricant 2.เปลี่ยนน้ำมัน Lubricant 3.ทำความสะอาด Tank 4.ทำความสะอาด Filter pump | O101: Lubrication | P101: Medium | R101: FILTER | S101: EP910-010N | T101: 1 | U101: 295 | V101: 360 | W101: 45971 | X101: 46059 | Y101: 46059 | Z101: 46419 | AB101: เริ่มซ่อมงาน PM แล้ว รับผิดชอบโดย JAKKAPAT KHOTSOMBAT (jakkapat@nsk.com) เมื่อ 2026-01-24 18:56 | AD101: จักรภัทร โคตรสมบัติ | AE101: จักรภัทร โคตรสมบัติ | AJ101: Item | AK101: sites/ao-nbmt-portal_classic/en-mt/Lists/Preventive_Maintenance_Plan
A102: 139 | B102: 17679 | F102: Time-based Maintenance | G102: เสร็จสิ้น | H102: Preventive Maintenance | I102: Mechanical | J102: Lubricant | K102: HUB3-2 | L102: Outer ring datum diameter grinding machine | M102: GR-737 | N102: ซ่อมบำรุง Lubricant unit รายละเอียดดังนี้ 1.เปลี่ยน Filter Lubricant 2.เปลี่ยนน้ำมัน Lubricant 3.ทำความสะอาด Tank 4.ทำความสะอาด Filter pump | O102: Lubrication | P102: Medium | R102: FILTER | S102: EP910-010N | T102: 1 | U102: 295 | V102: 360 | W102: 45972 | X102: 46059 | Y102: 46059 | Z102: 46419 | AB102: เริ่มซ่อมงาน PM แล้ว รับผิดชอบโดย JAKKAPAT KHOTSOMBAT (jakkapat@nsk.com) เมื่อ 2026-01-26 15:38 | AD102: จักรภัทร โคตรสมบัติ | AE102: จักรภัทร โคตรสมบัติ | AJ102: Item | AK102: sites/ao-nbmt-portal_classic/en-mt/Lists/Preventive_Maintenance_Plan
A103: 140 | B103: 17680 | F103: Time-based Maintenance | G103: เสร็จสิ้น | H103: Preventive Maintenance | I103: Mechanical | J103: Lubricant | K103: HUB3-2 | L103: Outer ring raceway grinding machine with demagnetize | M103: GR-738 | N103: ซ่อมบำรุง Lubricant unit รายละเอียดดังนี้ 1.เปลี่ยน Filter Lubricant 2.เปลี่ยนน้ำมัน Lubricant 3.ทำความสะอาด Tank 4.ทำความสะอาด Filter pump | O103: Lubrication | P103: Medium | R103: FILTER | S103: EP910-010N | T103: 1 | U103: 295 | V103: 360 | W103: 45972 | X103: 46059 | Y103: 46059 | Z103: 46419 | AB103: เริ่มซ่อมงาน PM แล้ว รับผิดชอบโดย JAKKAPAT KHOTSOMBAT (jakkapat@nsk.com) เมื่อ 2026-01-26 15:38 | AD103: จักรภัทร โคตรสมบัติ | AE103: จักรภัทร โคตรสมบัติ | AJ103: Item | AK103: sites/ao-nbmt-portal_classic/en-mt/Lists/Preventive_Maintenance_Plan
A104: 141 | B104: 17681 | F104: Time-based Maintenance | G104: เสร็จสิ้น | H104: Preventive Maintenance | I104: Mechanical | J104: Lubricant | K104: HUB3-2 | L104: Spindle raceway grinding machine with demagnetize | M104: GR-732 | N104: ซ่อมบำรุง Lubricant unit รายละเอียดดังนี้ 1.เปลี่ยน Filter Lubricant 2.เปลี่ยนน้ำมัน Lubricant 3.ทำความสะอาด Tank 4.ทำความสะอาด Filter pump | O104: Lubrication | P104: Medium | R104: FILTER | S104: EP910-010N | T104: 1 | U104: 295 | V104: 360 | W104: 45972 | X104: 46059 | Y104: 46059 | Z104: 46419 | AB104: เริ่มซ่อมงาน PM แล้ว รับผิดชอบโดย JAKKAPAT KHOTSOMBAT (jakkapat@nsk.com) เมื่อ 2026-01-26 15:38 | AD104: จักรภัทร โคตรสมบัติ | AE104: จักรภัทร โคตรสมบัติ | AJ104: Item | AK104: sites/ao-nbmt-portal_classic/en-mt/Lists/Preventive_Maintenance_Plan
A105: 142 | B105: 17682 | F105: Time-based Maintenance | G105: เสร็จสิ้น | H105: Preventive Maintenance | I105: Mechanical | J105: Lubricant | K105: HUB3-2 | L105: Spindle raceway superfinish machine. | M105: GR-733 | N105: ซ่อมบำรุง Hydraulic Unit รายละเอียดดังนี้ 1.เปลี่ยน Filter Pump Hydraulic 2.เปลี่ยนน้ำมัน Hydraulic 3.ทำความสะอาด Tank | O105: Lubrication | P105: Medium | R105: FILTER | S105: SFT-06 150W | T105: 1 | U105: 302.94265 | V105: 360 | W105: 45972 | X105: 46059 | Y105: 46059 | Z105: 46419 | AB105: เริ่มซ่อมงาน PM แล้ว รับผิดชอบโดย JAKKAPAT KHOTSOMBAT (jakkapat@nsk.com) เมื่อ 2026-01-26 15:38 | AD105: จักรภัทร โคตรสมบัติ | AE105: จักรภัทร โคตรสมบัติ | AJ105: Item | AK105: sites/ao-nbmt-portal_classic/en-mt/Lists/Preventive_Maintenance_Plan
A106: 143 | B106: 17683 | F106: Time-based Maintenance | G106: เสร็จสิ้น | H106: Preventive Maintenance | I106: Mechanical | J106: Stopper Shoe | K106: HUB3-2 | L106: Spindle raceway grinding machine with demagnetize | M106: GR-732 | N106: Accuracy stopper shoe ตามรอบ PM 1 ปี | O106: Inspection | P106: Medium | T106: 1 | U106: 0 | V106: 360 | W106: 45972 | X106: 46059 | Y106: 46059 | Z106: 46419 | AB106: เริ่มซ่อมงาน PM แล้ว รับผิดชอบโดย JAKKAPAT KHOTSOMBAT (jakkapat@nsk.com) เมื่อ 2026-01-26 15:38 | AD106: จักรภัทร โคตรสมบัติ | AE106: จักรภัทร โคตรสมบัติ | AJ106: Item | AK106: sites/ao-nbmt-portal_classic/en-mt/Lists/Preventive_Maintenance_Plan
A107: 144 | B107: 17676 | F107: Time-based Maintenance | G107: เสร็จสิ้น | H107: Preventive Maintenance | I107: Mechanical | J107: Conveyor | K107: HUB3-1 | L107: Outer ring raceway super finish with demagnetizing | M107: GR-1065 | N107: เปลี่ยนสายพาน Conveyor Demagnetize ตามรอบ PM 6 เดือน | O107: Part Change | P107: Medium | R107: BELT | S107: 0075-L-00235E-JK | T107: 2 | U107: 3570 | V107: 360 | W107: 45971 | X107: 46059 | Y107: 46059 | Z107: 46419 | AB107: เริ่มซ่อมงาน PM แล้ว รับผิดชอบโดย JAKKAPAT KHOTSOMBAT (jakkapat@nsk.com) เมื่อ 2026-01-24 18:57 | AD107: จักรภัทร โคตรสมบัติ | AE107: จักรภัทร โคตรสมบัติ | AJ107: Item | AK107: sites/ao-nbmt-portal_classic/en-mt/Lists/Preventive_Maintenance_Plan
A108: 145 | B108: 17675 | F108: Time-based Maintenance | G108: เสร็จสิ้น | H108: Preventive Maintenance | I108: Mechanical | J108: Conveyor | K108: HUB3-1 | L108: Shaft raceway super finish with demagnitizing machine. | M108: GR-385 | N108: เปลี่ยนสายพาน Conveyor Demagnetize ตามรอบ PM 6 เดือน | O108: Part Change | P108: Medium | R108: BELT | S108: 0075-L-00235E-JK | T108: 2 | U108: 3570 | V108: 360 | W108: 45971 | X108: 46059 | Y108: 46059 | Z108: 46419 | AB108: เริ่มซ่อมงาน PM แล้ว รับผิดชอบโดย JAKKAPAT KHOTSOMBAT (jakkapat@nsk.com) เมื่อ 2026-01-24 18:56 | AD108: จักรภัทร โคตรสมบัติ | AE108: จักรภัทร โคตรสมบัติ | AJ108: Item | AK108: sites/ao-nbmt-portal_classic/en-mt/Lists/Preventive_Maintenance_Plan
A109: 146 | B109: 17684 | F109: Time-based Maintenance | G109: เสร็จสิ้น | H109: Preventive Maintenance | I109: Mechanical | J109: Conveyor | K109: HUB3-2 | L109: Outer ring raceway grinding machine with demagnetize | M109: GR-738 | N109: เปลี่ยนสายพาน Conveyor Demagnetize ตามรอบ PM 6 เดือน | O109: Part Change | P109: Medium | R109: BELT | S109: 0075-L-00235E-JK | T109: 2 | U109: 3570 | V109: 360 | W109: 45972 | X109: 46059 | Y109: 46059 | Z109: 46419 | AB109: เริ่มซ่อมงาน PM แล้ว รับผิดชอบโดย JAKKAPAT KHOTSOMBAT (jakkapat@nsk.com) เมื่อ 2026-01-26 15:38 | AD109: จักรภัทร โคตรสมบัติ | AE109: จักรภัทร โคตรสมบัติ | AJ109: Item | AK109: sites/ao-nbmt-portal_classic/en-mt/Lists/Preventive_Maintenance_Plan
A110: 147 | B110: 17685 | F110: Time-based Maintenance | G110: เสร็จสิ้น | H110: Preventive Maintenance | I110: Mechanical | J110: Conveyor | K110: HUB3-2 | L110: Spindle raceway grinding machine with demagnetize | M110: GR-732 | N110: เปลี่ยนสายพาน Conveyor Demagnetize ตามรอบ PM 6 เดือน | O110: Part Change | P110: Medium | R110: BELT | S110: 0075-L-00235E-JK | T110: 2 | U110: 3570 | V110: 10800 | W110: 45972 | X110: 46059 | Y110: 46059 | Z110: 56859 | AB110: เริ่มซ่อมงาน PM แล้ว รับผิดชอบโดย JAKKAPAT KHOTSOMBAT (jakkapat@nsk.com) เมื่อ 2026-01-26 15:38 | AD110: จักรภัทร โคตรสมบัติ | AE110: จักรภัทร โคตรสมบัติ | AJ110: Item | AK110: sites/ao-nbmt-portal_classic/en-mt/Lists/Preventive_Maintenance_Plan
A111: 148 | F111: Condition-based Maintenance | G111: เสร็จสิ้น | H111: Preventive Maintenance | I111: Electrical | J111: Motor | K111: SB1 | L111: Outer ring raceway grinding M/C | M111: GR-104 | N111: - Check condition of work head/ Dresser/ Wheel head motor - Check insulation of work head/ Dresser/ Wheel head motor | O111: Inspection | P111: Important | T111: 1 | U111: 0 | V111: 360 | W111: 45974 | Y111: 45639 | Z111: 46370 | AD111: พงษ์พิทักษ์ ศรไชย | AE111: พงษ์พิทักษ์ ศรไชย | AJ111: Item | AK111: sites/ao-nbmt-portal_classic/en-mt/Lists/Preventive_Maintenance_Plan
A112: 152 | F112: Condition-based Maintenance | G112: เสร็จสิ้น | H112: Preventive Maintenance | I112: Electrical | J112: Motor | K112: SB1 | L112: Outer ring raceway super finish M/C | M112: GR-106 | N112: - Check condition of Spindle/ Oscillation - Check insulation of Spindle/ Oscillation | O112: Inspection | P112: Important | T112: 1 | U112: 0 | V112: 360 | W112: 45974 | Y112: 45639 | Z112: 46370 | AD112: พงษ์พิทักษ์ ศรไชย | AE112: พงษ์พิทักษ์ ศรไชย | AJ112: Item | AK112: sites/ao-nbmt-portal_classic/en-mt/Lists/Preventive_Maintenance_Plan
A113: 153 | F113: Condition-based Maintenance | G113: เสร็จสิ้น | H113: Preventive Maintenance | I113: Electrical | J113: Motor | K113: SB1 | L113: Inner ring raceway grinding M/C | M113: GR-095 | N113: - Check condition of work head/ Dresser/ Wheel head motor - Check insulation of work head/ Dresser/ Wheel head motor | O113: Inspection | P113: Important | T113: 1 | U113: 0 | V113: 360 | W113: 45974 | Y113: 45639 | Z113: 46370 | AD113: พงษ์พิทักษ์ ศรไชย | AE113: พงษ์พิทักษ์ ศรไชย | AJ113: Item | AK113: sites/ao-nbmt-portal_classic/en-mt/Lists/Preventive_Maintenance_Plan
A114: 154 | F114: Condition-based Maintenance | G114: เสร็จสิ้น | H114: Preventive Maintenance | I114: Electrical | J114: Motor | K114: SB1 | L114: Inner ring bore grinding M/C | M114: GR-097 | N114: - Check condition of work head/ Dresser/ Wheel head motor - Check insulation of work head/ Dresser/ Wheel head motor | O114: Inspection | P114: Important | T114: 1 | U114: 0 | V114: 360 | W114: 45974 | Y114: 45639 | Z114: 46370 | AD114: พงษ์พิทักษ์ ศรไชย | AE114: พงษ์พิทักษ์ ศรไชย | AJ114: Item | AK114: sites/ao-nbmt-portal_classic/en-mt/Lists/Preventive_Maintenance_Plan
...
